,Unnamed: 0,Player,Team,Age,Height,Weight,College,Country,Draft Year,Draft Round,Draft Number,GP,PTS,REB,AST,NetRtg,OREB%,DREB%,USG%,TS%,AST%
0,0,Aaron Gordon,ORL,24,6-8,235,Arizona,USA,2014,1,4,62,14.4,7.7,3.7,-1.2,5.0%,18.1%,20.5%,51.6%,16.5%
1,1,Aaron Holiday,IND,23,6-0,185,UCLA,USA,2018,1,23,66,9.5,2.4,3.4,2.2,1.3%,7.7%,18.2%,52.1%,18.8%
2,2,Abdel Nader,OKC,26,6-5,225,Iowa State,Egypt,2016,2,58,55,6.3,1.8,0.7,-4.2,1.6%,9.5%,16.4%,59.1%,6.8%
3,3,Adam Mokoka,CHI,21,6-5,190,None,France,Undrafted,Undrafted,Undrafted,11,2.9,0.9,0.4,17.1,5.7%,2.9%,11.0%,53.8%,4.3%
4,4,Admiral Schofield,WAS,23,6-5,241,Tennessee,United Kingdo...,2019,2,42,33,3.0,1.4,0.5,-7.1,1.7%,10.6%,11.8%,50.2%,5.7%
5,5,Al Horford,PHI,34,6-9,240,Florida,Dominican Rep...,2007,1,3,67,11.9,6.8,4.0,3.3,5.1%,17.1%,17.3%,53.6%,18.7%
6,6,Al-Farouq Aminu,ORL,29,6-8,220,Wake Forest,USA,2010,1,8,18,4.3,4.8,1.2,-5.4,5.3%,15.8%,12.7%,39.5%,8.8%
7,7,Alec Burks,PHI,28,6-6,214,Colorado,USA,2011,1,12,66,15.0,4.3,2.9,-6.3,2.5%,13.1%,23.0%,56.1%,17.9%
8,8,Alen Smailagic,GSW,19,6-10,215,None,Serbia,2019,2,39,14,4.2,1.9,0.9,-3.0,7.7%,11.0%,17.5%,61.0%,13.3%
9,9,Alex Caruso,LAL,26,6-5,186,Texas A&M,USA,Undrafted,Undrafted,Undrafted,64,5.5,1.9,1.9,9.8,1.4%,8.5%,13.6%,52.5%,13.8%
10,10,Alex Len,SAC,27,7-0,250,Maryland,Ukraine,2013,1,5,55,8.0,5.8,0.9,-5.4,9.4%,20.2%,17.6%,60.0%,8.3%
11,11,Alfonzo McKinnie,CLE,27,6-7,215,Wisc.-Green Bay,USA,Undrafted,Undrafted,Undrafted,40,4.6,2.8,0.4,-7.4,6.1%,13.1%,14.7%,49.3%,3.2%
12,12,Alize Johnson,IND,24,6-7,212,Missouri State,USA,2018,2,50,17,2.0,2.8,0.4,8.9,12.2%,24.1%,13.3%,50.9%,7.5%
13,13,Allen Crabbe,MIN,28,6-5,212,California,USA,2013,2,31,37,4.6,2.1,0.9,-15.0,1.4%,9.8%,12.2%,47.0%,7.3%
14,14,Allonzo Trier,NYK,24,6-4,200,Arizona,USA,2018,,,24,6.5,1.2,1.2,-11.1,1.8%,7.8%,20.8%,62.0%,16.4%
15,15,Amile Jefferson,ORL,27,6-9,222,Duke,USA,2017,,,18,0.8,1.3,0.2,8.5,11.2%,16.3%,12.9%,37.2%,7.8%
16,16,Amir Coffey,LAC,23,6-7,210,Minnesota,USA,Undrafted,Undrafted,Undrafted,18,3.2,0.9,0.8,-0.5,2.5%,6.6%,17.4%,49.3%,13.9%
17,17,Andre Drummond,CLE,26,6-10,279,Connecticut,USA,2012,1,9,57,17.7,15.2,2.7,-5.0,12.9%,33.6%,25.3%,55.3%,13.3%
18,18,Andre Iguodala,MIA,36,6-6,215,Arizona,USA,2004,1,9,21,4.6,3.7,2.4,-1.9,4.0%,13.2%,12.1%,50.7%,18.1%
19,19,Andre Roberson,OKC,28,6-7,210,Colorado,USA,2013,1,26,7,2.9,3.9,0.6,-1.1,6.5%,20.4%,14.5%,33.5%,7.4%
20,20,Andrew Wiggins,GSW,25,6-7,197,Kansas,Canada,2014,1,1,54,21.8,5.1,3.7,-5.1,3.3%,11.0%,26.9%,53.6%,18.0%
21,21,Anfernee Simons,POR,21,6-3,181,None,USA,2018,1,24,70,8.3,2.2,1.4,-7.6,1.5%,8.0%,18.0%,50.2%,9.8%
22,22,Ante Zizic,CLE,23,6-10,266,None,Croatia,2016,1,23,22,4.4,3.0,0.3,1.3,8.4%,21.1%,16.8%,59.7%,3.8%
23,23,Anthony Davis,LAL,27,6-10,253,Kentucky,USA,2012,1,1,62,26.1,9.3,3.2,5.0,6.5%,19.7%,28.4%,61.0%,15.3%
24,24,Anthony Tolliver,MEM,35,6-8,240,Creighton,USA,Undrafted,Undrafted,Undrafted,55,3.6,2.8,0.8,-6.0,3.5%,13.0%,10.8%,51.3%,6.4%
25,25,Antonius Cleveland,DAL,26,6-5,195,S.E. Missouri,USA,Undrafted,Undrafted,Undrafted,11,1.0,0.6,0.1,-7.8,3.7%,12.2%,15.9%,34.0%,3.4%
26,26,Anzejs Pasecniks,WAS,24,7-2,229,None,Latvia,2017,1,25,27,5.8,4.0,0.7,0.2,8.6%,15.3%,15.1%,55.1%,5.8%
27,27,Aron Baynes,PHX,33,6-10,260,Washington State,Australia,Undrafted,Undrafted,Undrafted,42,11.5,5.6,1.6,-1.5,7.5%,17.8%,20.5%,58.1%,10.8%
28,28,Austin Rivers,HOU,27,6-3,200,Duke,USA,2012,1,10,68,8.8,2.6,1.7,2.6,1.6%,8.9%,15.3%,54.2%,9.8%
29,29,Avery Bradley,LAL,29,6-3,180,Texas-Austin,USA,2010,1,19,49,8.6,2.3,1.3,7.4,1.5%,7.7%,15.3%,53.7%,7.0%
30,30,BJ Johnson,ORL,24,6-7,200,La Salle,USA,Undrafted,Undrafted,Undrafted,10,3.0,1.5,0.3,-8.1,3.3%,13.6%,20.1%,41.2%,5.9%
31,31,Bam Adebayo,MIA,22,6-9,255,Kentucky,USA,2017,1,14,72,15.9,10.2,5.1,5.0,7.7%,22.4%,21.2%,59.8%,23.8%
32,32,Ben McLemore,HOU,27,6-3,195,Kansas,USA,2013,1,7,71,10.1,2.2,0.8,5.0,1.2%,7.9%,15.7%,62.2%,5.0%
33,33,Ben Simmons,PHI,23,6-10,240,Louisiana State,Australia,2016,1,1,57,16.4,7.8,8.0,1.7,5.4%,15.9%,20.6%,60.2%,33.5%
34,34,Bismack Biyombo,CHA,27,6-8,255,None,Democratic Re...,2011,1,7,53,7.4,5.8,0.9,-6.6,11.2%,17.8%,16.8%,57.0%,7.9%
35,35,Blake Griffin,DET,31,6-9,250,Oklahoma,USA,2009,1,1,18,15.5,4.7,3.3,-2.6,3.2%,12.8%,27.7%,47.6%,18.4%
36,36,Boban Marjanovic,DAL,31,7-4,290,None,Serbia,Undrafted,Undrafted,Undrafted,44,6.6,4.5,0.5,5.5,15.8%,29.8%,25.8%,61.2%,7.3%
37,37,Bobby Portis,NYK,25,6-10,250,Arkansas,USA,2015,1,22,66,10.1,5.1,1.5,-7.9,5.3%,18.0%,20.7%,53.0%,11.2%
38,38,Bogdan Bogdanovic,SAC,27,6-6,220,None,Serbia,2014,1,27,61,15.1,3.4,3.4,-1.7,1.4%,10.5%,22.1%,56.5%,18.4%
39,39,Bojan Bogdanovic,UTA,31,6-8,226,None,Croatia,2011,2,31,63,20.2,4.1,2.1,5.5,2.0%,10.0%,25.2%,60.3%,9.9%
40,40,Bol Bol,DEN,20,7-2,220,Oregon,Sudan,2019,2,44,7,5.7,2.7,0.9,-9.8,5.7%,17.1%,20.6%,61.7%,10.3%
41,41,Brad Wanamaker,BOS,30,6-3,210,Pittsburgh,USA,Undrafted,Undrafted,Undrafted,71,6.9,2.0,2.5,5.0,1.6%,8.2%,15.2%,57.7%,18.1%
42,42,Bradley Beal,WAS,27,6-3,207,Florida,USA,2012,1,3,57,30.5,4.2,6.1,-4.5,2.4%,9.5%,33.8%,57.9%,28.5%
43,43,Brandon Clarke,MEM,23,6-8,215,Gonzaga,Canada,2019,1,21,58,12.1,5.9,1.4,-0.1,6.7%,17.7%,18.0%,66.3%,9.2%
44,44,Brandon Goodwin,ATL,24,6-0,180,Florida Gulf Coast,USA,Undrafted,Undrafted,Undrafted,34,6.1,2.1,1.5,-13.8,2.3%,13.2%,22.0%,50.7%,20.8%
45,45,Brandon Ingram,NOP,22,6-7,190,Duke,USA,2016,1,2,62,23.8,6.1,4.2,-1.3,2.3%,14.4%,27.5%,58.7%,19.2%
46,46,Brandon Knight,DET,28,6-2,182,Kentucky,USA,2011,1,8,25,7.3,1.6,2.8,-7.6,0.9%,9.3%,20.7%,50.3%,21.6%
47,47,Brian Bowen II,IND,21,6-6,190,None,USA,Undrafted,Undrafted,Undrafted,6,1.0,1.2,0.0,15.7,3.2%,16.2%,14.3%,30.0%,0.0%
48,48,Brook Lopez,MIL,32,7-0,282,Stanford,USA,2008,1,10,68,12.0,4.6,1.5,12.0,3.1%,11.8%,18.1%,55.1%,7.3%
49,49,Bruce Brown,DET,23,6-4,202,Miami,USA,2018,2,42,58,8.9,4.7,4.0,-4.3,3.8%,13.1%,15.9%,51.8%,20.8%
0,0,Bruno Caboclo,HOU,24,6-9,218,None,Brazil,2014,1,20,30,3.0,2.0,0.4,-5.1,8.1%,14.5%,17.0%,48.4%,7.6%
1,1,Bruno Fernando,ATL,21,6-9,240,Maryland,Angola,2019,2,34,56,4.3,3.5,0.9,-5.6,8.5%,17.9%,14.7%,54.2%,10.1%
2,2,Bryn Forbes,SAS,26,6-2,205,Michigan State,USA,Undrafted,Undrafted,Undrafted,63,11.2,2.0,1.7,-6.8,0.7%,7.1%,18.5%,57.0%,9.7%
3,3,Buddy Hield,SAC,27,6-4,220,Oklahoma,Bahamas,2016,1,6,72,19.2,4.6,3.0,-3.1,2.5%,12.4%,26.3%,56.6%,15.3%
4,4,CJ McCollum,POR,28,6-3,190,Lehigh,USA,2013,1,10,70,22.2,4.2,4.4,0.5,1.7%,9.0%,25.7%,54.1%,18.5%
5,5,CJ Miles,WAS,33,6-6,220,None,USA,2005,2,34,10,6.4,1.2,1.2,-1.3,2.1%,5.0%,16.9%,47.2%,9.1%
6,6,Caleb Martin,CHA,24,6-5,205,Nevada-Reno,USA,Undrafted,Undrafted,Undrafted,18,6.2,2.1,1.3,0.8,3.0%,8.6%,15.2%,59.5%,12.2%
7,7,Caleb Swanigan,POR,23,6-9,260,Purdue,USA,2017,1,26,27,2.4,3.7,1.1,-6.5,9.9%,24.8%,13.2%,59.7%,13.8%
8,8,Cam Reddish,ATL,20,6-8,218,Duke,USA,2019,1,10,58,10.5,3.7,1.5,-6.3,2.1%,11.0%,18.5%,50.0%,7.9%
9,9,Cameron Johnson,PHX,24,6-8,210,North Carolina,USA,2019,1,11,57,8.8,3.3,1.2,1.0,3.7%,10.9%,15.1%,58.6%,7.8%
10,10,Cameron Payne,PHX,25,6-1,183,Murray State,USA,2015,1,14,8,10.9,3.9,3.0,23.1,2.3%,13.1%,18.2%,61.2%,18.2%
11,11,Caris LeVert,BKN,25,6-6,205,Michigan,USA,2016,1,20,45,18.7,4.2,4.4,0.2,3.4%,9.6%,28.4%,51.4%,24.2%
12,12,Carmelo Anthony,POR,36,6-8,238,Syracuse,USA,2003,1,3,58,15.4,6.3,1.5,0.6,3.6%,14.5%,21.4%,52.5%,6.3%
13,13,Carsen Edwards,BOS,22,5-11,200,Purdue,USA,2019,2,33,37,3.3,1.3,0.6,-5.5,1.4%,10.7%,17.1%,44.4%,11.1%
14,14,Cedi Osman,CLE,25,6-7,230,None,Turkey,2015,2,31,65,11.0,3.6,2.4,-9.0,2.0%,10.3%,16.2%,55.2%,11.5%
15,15,Chandler Hutchison,CHI,24,6-7,210,Boise State,USA,2018,1,22,28,7.8,3.9,0.9,-11.9,3.2%,18.0%,18.3%,52.1%,7.7%
16,16,Chandler Parsons,ATL,31,6-9,230,Florida,USA,2011,2,38,5,2.8,1.4,0.6,-29.0,1.5%,12.0%,15.0%,38.9%,10.0%
17,17,Charlie Brown Jr.,ATL,23,6-6,199,St. Joseph's (PA),USA,Undrafted,Undrafted,Undrafted,10,2.0,0.4,0.2,33.9,4.0%,4.8%,23.1%,47.2%,7.7%
18,18,Chasson Randle,GSW,27,6-2,185,Stanford,USA,2015,,,3,1.7,0.7,1.7,-2.0,0.0%,5.3%,8.0%,37.7%,16.1%
19,19,Cheick Diallo,PHX,23,6-8,219,Kansas,Mali,2016,2,33,47,4.7,2.8,0.5,-3.8,6.3%,20.8%,16.9%,68.8%,7.6%
20,20,Chimezie Metu,SAS,23,6-9,225,Southern California,USA,2018,2,49,18,3.2,1.8,0.6,-6.7,10.3%,18.6%,21.8%,60.8%,16.4%
21,21,Chris Boucher,TOR,27,6-9,200,Oregon,Saint Lucia,Undrafted,Undrafted,Undrafted,62,6.6,4.5,0.4,5.7,12.1%,18.5%,18.5%,58.7%,4.9%
22,22,Chris Chiozza,BKN,24,5-11,175,Florida,USA,Undrafted,Undrafted,Undrafted,28,5.1,1.9,3.0,9.3,2.0%,10.2%,17.5%,49.9%,29.5%
23,23,Chris Clemons,HOU,22,5-9,180,Campbell University,USA,Undrafted,Undrafted,Undrafted,33,4.9,0.9,0.8,-8.8,1.2%,8.0%,23.5%,54.8%,16.2%
24,24,Chris Paul,OKC,35,6-1,175,Wake Forest,USA,2005,1,4,70,17.6,5.0,6.7,6.9,1.2%,14.3%,22.8%,61.0%,32.4%
25,25,Chris Silva,MIA,23,6-8,234,South Carolina,Gabon,Undrafted,Undrafted,Undrafted,44,3.0,2.9,0.5,-6.0,16.2%,18.4%,15.5%,65.1%,10.3%
26,26,Christian Wood,DET,24,6-10,214,UNLV,USA,Undrafted,Undrafted,Undrafted,62,13.1,6.3,1.0,2.0,7.9%,21.4%,22.3%,65.9%,7.4%
27,27,Clint Capela,ATL,26,6-10,240,None,Switzerland,2014,1,25,39,13.9,13.8,1.2,2.5,11.8%,26.5%,15.6%,62.6%,5.6%
28,28,Coby White,CHI,20,6-4,195,North Carolina,USA,2019,1,7,65,13.2,3.5,2.7,-4.4,1.5%,12.8%,23.5%,50.6%,16.2%
29,29,Cody Martin,CHA,24,6-5,205,Nevada-Reno,USA,2019,2,36,48,5.0,3.3,2.0,-3.2,3.9%,14.0%,13.1%,50.5%,15.4%
30,30,Cody Zeller,CHA,27,7-0,240,Indiana,USA,2013,1,4,58,11.1,7.1,1.5,-8.3,11.0%,19.7%,20.1%,57.6%,11.1%
31,31,Collin Sexton,CLE,21,6-1,190,Alabama,USA,2018,1,8,65,20.8,3.1,3.0,-9.2,2.8%,6.9%,26.4%,56.0%,14.6%
32,32,Corey Brewer,SAC,34,6-9,188,Florida,USA,2007,1,7,5,1.0,1.6,0.4,11.2,6.1%,20.0%,8.5%,47.0%,6.3%
33,33,Cory Joseph,SAC,28,6-3,200,Texas-Austin,Canada,2011,1,29,72,6.4,2.6,3.5,-0.3,2.4%,8.2%,12.7%,51.7%,19.9%
34,34,Courtney Lee,DAL,34,6-5,215,Western Kentucky,USA,2008,1,22,24,4.5,1.3,0.5,6.7,1.9%,7.0%,11.6%,62.9%,4.4%
35,35,Cristiano Felicio,CHI,27,6-10,270,None,Brazil,Undrafted,Undrafted,Undrafted,22,3.9,4.6,0.7,-7.7,14.4%,13.9%,8.8%,67.1%,5.3%
36,36,D'Angelo Russell,MIN,24,6-4,193,Ohio State,USA,2015,1,2,45,23.1,3.9,6.3,-8.1,1.1%,10.7%,30.5%,55.6%,32.7%
37,37,D.J. Augustin,ORL,32,5-11,183,Texas-Austin,USA,2008,1,9,57,10.5,2.1,4.6,1.5,1.5%,6.7%,18.4%,55.4%,28.1%
38,38,D.J. Wilson,MIL,24,6-10,231,Michigan,USA,2017,1,17,37,3.6,2.5,0.7,-6.3,3.1%,18.1%,17.5%,47.5%,10.4%
39,39,DaQuan Jeffries,SAC,22,6-5,230,Tulsa,USA,Undrafted,Undrafted,Undrafted,13,3.8,1.4,0.5,3.0,2.1%,10.5%,12.9%,58.6%,6.0%
40,40,Damian Jones,ATL,25,6-11,245,Vanderbilt,USA,2016,1,30,55,5.6,3.7,0.6,-12.6,8.0%,15.3%,11.3%,71.2%,5.7%
41,41,Damian Lillard,POR,29,6-2,195,Weber State,USA,2012,1,6,66,30.0,4.3,8.0,1.4,1.3%,9.2%,29.4%,62.7%,33.5%
42,42,Damion Lee,GSW,27,6-5,210,Drexel,USA,Undrafted,Undrafted,Undrafted,49,12.7,4.9,2.7,-4.1,2.1%,14.4%,18.4%,54.8%,13.9%
43,43,Damyean Dotson,NYK,26,6-5,210,Houston,USA,2017,2,44,48,6.7,1.9,1.2,-5.3,1.1%,9.1%,15.8%,52.7%,10.5%
44,44,Daniel Gafford,CHI,21,6-10,234,Arkansas,USA,2019,2,38,43,5.1,2.5,0.5,-1.9,8.1%,9.2%,13.1%,68.6%,5.1%
45,45,Daniel Theis,BOS,28,6-8,245,None,Germany,Undrafted,Undrafted,Undrafted,65,9.2,6.6,1.7,7.0,8.6%,17.2%,14.4%,63.1%,10.4%
46,46,Danilo Gallinari,OKC,31,6-10,233,None,Italy,2008,1,6,62,18.7,5.2,1.9,5.7,2.0%,15.7%,24.2%,61.2%,9.9%
47,47,Danny Green,LAL,33,6-6,215,North Carolina,USA,2009,2,46,68,8.0,3.3,1.3,6.4,3.0%,10.0%,13.5%,55.2%,6.9%
48,48,Dante Exum,CLE,24,6-5,214,None,Australia,2014,1,5,35,4.5,1.9,1.1,-8.8,2.4%,10.9%,14.5%,57.6%,12.4%
49,49,Danuel House Jr.,HOU,27,6-6,220,Texas A&M,USA,Undrafted,Undrafted,Undrafted,63,10.5,4.2,1.3,3.3,2.7%,10.1%,13.5%,57.2%,6.1%
0,0,Dario Saric,PHX,26,6-10,225,None,Croatia,2014,1,12,66,10.7,6.2,1.9,-1.2,6.0%,18.6%,17.4%,59.2%,10.5%
1,1,Darius Bazley,OKC,20,6-8,208,None,USA,2019,1,23,61,5.6,4.0,0.7,-3.2,2.5%,17.2%,14.6%,49.7%,5.4%
2,2,Darius Garland,CLE,20,6-1,192,Vanderbilt,USA,2019,1,5,59,12.3,1.9,3.9,-8.7,1.4%,4.6%,20.1%,49.8%,18.2%
3,3,Daryl Macon,MIA,24,6-2,185,Arkansas,USA,2018,,,4,0.8,0.0,0.3,7.6,0.0%,0.0%,16.7%,50.0%,14.3%
4,4,David Nwaba,HOU,27,6-5,219,Cal Poly,USA,Undrafted,Undrafted,Undrafted,20,5.2,2.3,0.4,7.2,2.7%,10.9%,13.9%,62.7%,4.6%
5,5,Davis Bertans,WAS,27,6-10,225,None,Latvia,2011,2,42,54,15.4,4.5,1.7,-0.3,2.1%,13.0%,18.3%,62.8%,8.1%
6,6,De'Aaron Fox,SAC,22,6-3,185,Kentucky,USA,2017,1,5,51,21.1,3.8,6.8,-4.0,2.1%,9.9%,29.0%,55.8%,33.6%
7,7,De'Andre Hunter,ATL,22,6-7,225,Virginia,USA,2019,1,4,63,12.3,4.5,1.8,-5.5,2.1%,11.6%,17.3%,52.1%,7.9%
8,8,De'Anthony Melton,MEM,22,6-2,200,Southern California,USA,2018,2,46,60,7.6,3.7,2.9,5.1,3.5%,13.7%,18.5%,50.1%,19.6%
9,9,DeAndre Jordan,BKN,31,6-11,265,Texas A&M,USA,2008,2,35,56,8.3,10.0,1.9,-1.8,10.5%,29.3%,13.6%,68.2%,13.2%
10,10,DeAndre' Bembry,ATL,25,6-5,210,St. Joseph's (PA),USA,2016,1,21,43,5.8,3.5,1.9,-11.8,3.4%,12.3%,13.7%,50.0%,13.0%
11,11,DeMar DeRozan,SAS,30,6-6,220,Southern California,USA,2009,1,9,68,22.1,5.5,5.6,-1.8,1.9%,13.9%,26.2%,60.3%,26.1%
12,12,DeMarre Carroll,HOU,33,6-6,215,Missouri,USA,2009,1,27,24,3.6,2.3,1.0,0.0,4.2%,13.8%,14.8%,51.5%,11.6%
13,13,Dean Wade,CLE,23,6-9,228,Kansas State,USA,Undrafted,Undrafted,Undrafted,12,1.7,1.6,0.2,-6.5,3.8%,21.3%,9.1%,74.4%,3.9%
14,14,Deandre Ayton,PHX,21,6-11,250,Arizona,Bahamas,2018,1,1,38,18.2,11.5,1.9,4.0,12.0%,22.5%,23.1%,56.8%,9.1%
15,15,Dejounte Murray,SAS,23,6-4,180,Washington,USA,2016,1,29,66,10.9,5.8,4.1,-4.2,4.0%,18.4%,20.7%,52.4%,23.2%
16,16,Delon Wright,DAL,28,6-5,185,Utah,USA,2015,1,20,73,6.9,3.8,3.3,1.7,4.0%,12.4%,14.0%,55.4%,21.5%
17,17,Dennis Schroder,OKC,26,6-1,172,None,Germany,2013,1,17,65,18.9,3.6,4.0,5.5,1.0%,9.9%,26.2%,57.5%,22.2%
18,18,Dennis Smith Jr.,NYK,22,6-2,205,North Carolina State,USA,2017,1,9,34,5.5,2.3,2.9,-17.1,3.4%,10.2%,22.3%,39.9%,29.7%
19,19,Denzel Valentine,CHI,26,6-4,220,Michigan State,USA,2016,1,14,36,6.8,2.1,1.2,-5.0,1.6%,13.8%,22.9%,51.1%,14.7%
20,20,Deonte Burton,OKC,26,6-4,240,Iowa State,USA,Undrafted,Undrafted,Undrafted,39,2.7,1.5,0.4,-12.7,1.7%,11.9%,17.3%,39.6%,7.6%
21,21,Derrick Favors,NOP,28,6-9,265,Georgia Tech,USA,2010,1,3,51,9.0,9.8,1.6,4.2,12.1%,24.9%,13.5%,62.0%,8.7%
22,22,Derrick Jones Jr.,MIA,23,6-6,210,UNLV,USA,Undrafted,Undrafted,Undrafted,59,8.5,3.9,1.1,-0.5,4.9%,11.5%,13.5%,62.0%,6.8%
23,23,Derrick Rose,DET,31,6-2,200,Memphis,USA,2008,1,1,50,18.1,2.4,5.6,-3.4,2.1%,7.1%,30.3%,55.5%,37.3%
24,24,Derrick Walton Jr.,DET,25,6-0,185,Michigan,USA,Undrafted,Undrafted,Undrafted,26,2.0,0.6,1.0,-0.9,0.7%,5.4%,7.9%,61.7%,15.5%
25,25,Derrick White,SAS,25,6-4,190,Colorado,USA,2017,1,29,68,11.3,3.3,3.5,1.0,2.0%,10.5%,18.3%,59.3%,20.3%
26,26,Devin Booker,PHX,23,6-5,206,Kentucky,USA,2015,1,13,70,26.6,4.2,6.5,2.7,1.2%,10.6%,29.4%,61.8%,28.8%
27,27,Devon Hall,OKC,24,6-5,215,Virginia,USA,2018,2,53,11,1.8,0.6,1.2,3.8,1.9%,6.0%,18.2%,29.8%,21.7%
28,28,Devontae Cacok,LAL,23,6-8,240,North Carolina-Wilmington,USA,Undrafted,Undrafted,Undrafted,1,6.0,5.0,1.0,22.7,16.7%,33.3%,22.2%,50.0%,12.5%
29,29,Devonte' Graham,CHA,25,6-1,195,Kansas,USA,2018,2,34,63,18.2,3.4,7.5,-4.5,1.8%,7.8%,24.3%,53.7%,34.5%
30,30,Dewan Hernandez,TOR,23,6-10,235,Miami,USA,2019,2,59,6,2.3,2.3,0.5,17.2,17.2%,26.5%,25.7%,43.2%,12.5%
31,31,Dewayne Dedmon,ATL,30,7-0,245,Southern California,USA,Undrafted,Undrafted,Undrafted,44,5.8,5.7,0.5,-0.7,7.5%,24.1%,17.9%,47.3%,4.1%
32,32,Dillon Brooks,MEM,24,6-7,225,Oregon,Canada,2017,2,45,73,16.2,3.3,2.1,-0.3,3.0%,7.6%,24.7%,51.0%,10.4%
33,33,Dion Waiters,LAL,28,6-3,210,Syracuse,USA,2012,1,4,10,11.1,2.4,2.0,7.8,0.9%,10.2%,24.3%,52.1%,15.6%
34,34,Domantas Sabonis,IND,24,6-11,240,Gonzaga,Lithuania,2016,1,11,62,18.5,12.4,5.0,3.1,8.9%,26.2%,22.9%,58.6%,21.5%
35,35,Donovan Mitchell,UTA,23,6-1,215,Louisville,USA,2017,1,13,69,24.0,4.4,4.3,2.6,2.3%,10.1%,30.3%,55.8%,21.4%
36,36,Donta Hall,BKN,22,6-9,229,Alabama,USA,Undrafted,Undrafted,Undrafted,9,4.3,4.2,0.4,-12.0,9.3%,19.7%,10.9%,65.2%,4.8%
37,37,Donte DiVincenzo,MIL,23,6-4,203,Villanova,USA,2018,1,17,66,9.2,4.8,2.3,12.2,4.1%,14.0%,16.8%,55.7%,13.4%
38,38,Dorian Finney-Smith,DAL,27,6-7,220,Florida,USA,Undrafted,Undrafted,Undrafted,71,9.5,5.7,1.6,6.5,6.6%,11.3%,12.8%,59.5%,7.3%
39,39,Doug McDermott,IND,28,6-7,225,Creighton,USA,2014,1,11,69,10.3,2.5,1.1,3.2,1.8%,9.8%,18.6%,62.0%,8.1%
40,40,Dragan Bender,GSW,22,7-0,249,None,Croatia,2016,1,4,16,6.7,4.6,1.8,1.1,6.0%,18.3%,18.0%,54.5%,14.2%
41,41,Draymond Green,GSW,30,6-6,230,Michigan State,USA,2012,2,35,43,8.0,6.2,6.2,-7.2,1.8%,19.2%,15.6%,48.9%,31.0%
42,42,Drew Eubanks,SAS,23,6-9,245,Oregon State,USA,Undrafted,Undrafted,Undrafted,22,4.9,3.9,0.7,-11.0,9.9%,20.3%,15.0%,68.2%,8.9%
43,43,Duncan Robinson,MIA,26,6-7,215,Michigan,USA,Undrafted,Undrafted,Undrafted,73,13.5,3.2,1.4,7.5,0.5%,9.9%,15.7%,68.4%,6.8%
44,44,Dusty Hannahs,MEM,26,6-3,210,Arkansas,USA,2017,,,2,6.0,0.5,0.0,17.2,0.0%,6.3%,28.6%,60.7%,0.0%
45,45,Dwayne Bacon,CHA,24,6-6,221,Florida State,USA,2017,2,40,39,5.7,2.6,1.3,-8.2,2.0%,12.4%,18.9%,41.9%,12.1%
46,46,Dwight Howard,LAL,34,6-10,265,None,USA,2004,1,1,69,7.5,7.3,0.7,5.9,12.8%,25.7%,14.6%,69.6%,4.8%
47,47,Dwight Powell,DAL,28,6-10,240,Stanford,Canada,2014,2,45,40,9.4,5.7,1.5,8.9,7.1%,13.2%,12.6%,67.7%,7.6%
48,48,Dzanan Musa,BKN,21,6-9,217,None,Bosnia and He...,2018,1,29,40,4.8,2.2,1.1,-2.5,3.9%,11.7%,19.3%,48.4%,13.1%
49,49,E'Twaun Moore,NOP,31,6-3,191,Purdue,USA,2011,2,55,56,8.3,2.3,1.4,-2.2,2.7%,9.5%,19.6%,51.0%,11.0%
0,0,Ed Davis,UTA,31,6-9,218,North Carolina,USA,2010,1,13,28,1.8,3.8,0.4,-15.2,10.7%,23.4%,9.2%,48.9%,6.2%
1,1,Edmond Sumner,IND,24,6-4,196,Xavier,USA,2017,2,52,31,4.9,1.5,1.8,-2.6,2.4%,7.3%,16.7%,49.1%,16.7%
2,2,Elfrid Payton,NYK,26,6-3,195,Louisana-Lafayette,USA,2014,1,10,45,10.0,4.7,7.2,-3.0,3.9%,12.6%,19.0%,47.0%,34.7%
3,3,Elie Okobo,PHX,22,6-3,190,None,France,2018,2,31,55,4.0,1.6,2.1,-3.2,2.2%,10.2%,14.7%,51.6%,22.7%
4,4,Emmanuel Mudiay,UTA,24,6-3,200,None,Democratic Re...,2015,1,7,54,7.3,2.3,2.1,-2.0,2.1%,11.7%,21.8%,54.3%,21.2%
5,5,Enes Kanter,BOS,28,6-10,250,None,Turkey,2011,1,3,58,8.1,7.4,1.0,9.9,15.8%,25.7%,18.6%,59.9%,8.4%
6,6,Eric Bledsoe,MIL,30,6-1,214,Kentucky,USA,2010,1,18,61,14.9,4.6,5.4,11.8,2.5%,12.1%,23.3%,57.1%,27.5%
7,7,Eric Gordon,HOU,31,6-3,215,Indiana,USA,2008,1,7,36,14.4,2.0,1.5,0.4,0.8%,5.6%,21.5%,51.0%,8.0%
8,8,Eric Mika,SAC,25,6-10,233,Brigham Young,USA,2017,,,1,6.0,7.0,0.0,19.5,11.1%,26.3%,8.9%,77.3%,0.0%
9,9,Eric Paschall,GSW,23,6-6,255,Villanova,USA,2019,2,41,60,14.0,4.6,2.1,-10.6,4.7%,11.6%,20.7%,57.1%,12.6%
10,10,Ersan Ilyasova,MIL,33,6-9,235,None,Turkey,2005,2,36,63,6.6,4.8,0.8,4.2,5.9%,21.2%,15.8%,58.9%,6.5%
11,11,Evan Fournier,ORL,27,6-7,205,None,France,2012,1,20,66,18.5,2.6,3.2,-1.8,0.8%,7.4%,23.7%,59.5%,16.0%
12,12,Evan Turner,MIN,31,6-6,220,Ohio State,USA,2010,1,2,19,3.3,2.0,2.0,-11.4,2.8%,10.7%,15.4%,42.4%,23.5%
13,13,Frank Jackson,NOP,22,6-3,205,Duke,USA,2017,2,31,59,6.3,1.4,1.0,-3.4,2.5%,7.0%,20.3%,51.0%,10.7%
14,14,Frank Kaminsky,PHX,27,7-0,240,Wisconsin,USA,2015,1,9,39,9.7,4.5,1.9,-1.0,4.3%,17.9%,20.4%,54.5%,14.4%
15,15,Frank Mason,MIL,26,5-11,190,Kansas,USA,2017,2,34,9,6.9,2.1,3.2,-1.8,3.4%,9.7%,22.8%,53.0%,37.2%
16,16,Frank Ntilikina,NYK,21,6-4,200,None,France,2017,1,8,57,6.3,2.1,3.0,-3.9,1.8%,8.2%,15.2%,49.7%,20.9%
17,17,Fred VanVleet,TOR,26,6-1,197,Wichita State,USA,Undrafted,Undrafted,Undrafted,54,17.6,3.8,6.6,4.8,0.9%,8.8%,21.8%,55.3%,28.1%
18,18,Furkan Korkmaz,PHI,22,6-7,202,None,Turkey,2016,1,26,72,9.8,2.3,1.1,2.7,1.1%,9.3%,17.7%,57.9%,7.3%
19,19,Gabe Vincent,MIA,24,6-3,200,California-Santa Barbara,USA,Undrafted,Undrafted,Undrafted,9,2.4,0.6,0.7,-15.9,0.0%,5.3%,19.6%,29.7%,12.0%
20,20,Garrett Temple,BKN,34,6-5,195,Louisiana State,USA,Undrafted,Undrafted,Undrafted,62,10.3,3.5,2.5,-1.4,1.5%,9.6%,16.2%,51.3%,13.2%
21,21,Garrison Mathews,WAS,23,6-5,215,Lipscomb,USA,Undrafted,Undrafted,Undrafted,18,5.4,1.3,0.6,7.1,2.5%,7.5%,13.7%,69.1%,6.3%
22,22,Gary Clark,ORL,25,6-6,225,Cincinnati,USA,Undrafted,Undrafted,Undrafted,42,3.7,2.6,0.4,-5.1,5.8%,11.6%,10.5%,56.8%,4.3%
23,23,Gary Harris,DEN,25,6-4,210,Michigan State,USA,2014,1,19,56,10.4,2.9,2.1,3.4,1.5%,7.7%,15.0%,51.9%,9.1%
24,24,Gary Payton II,WAS,27,6-3,195,Oregon State,USA,Undrafted,Undrafted,Undrafted,29,3.9,2.8,1.7,-14.3,5.3%,12.7%,12.9%,47.3%,15.8%
25,25,Gary Trent Jr.,POR,21,6-5,209,Duke,USA,2018,2,37,61,8.9,1.6,1.0,-1.4,1.7%,5.2%,15.0%,58.7%,6.4%
26,26,George Hill,MIL,34,6-3,188,Indiana-Purdue Indianapolis,USA,2008,1,26,59,9.4,3.0,3.1,10.6,3.8%,8.6%,15.2%,65.9%,19.6%
27,27,Georges Niang,UTA,27,6-7,230,Iowa State,USA,2016,2,50,66,5.9,1.9,0.7,-1.1,1.5%,11.7%,16.3%,58.9%,6.9%
28,28,Giannis Antetokounmpo,MIL,25,6-11,242,None,Greece,2013,1,15,63,29.5,13.6,5.6,15.4,6.8%,30.7%,36.3%,61.3%,32.8%
29,29,Glenn Robinson III,PHI,26,6-6,222,Michigan,USA,2014,2,40,62,11.7,4.4,1.5,-7.8,4.3%,10.6%,16.0%,57.7%,8.1%
30,30,Goga Bitadze,IND,20,6-11,250,None,Georgia,2019,1,18,54,3.2,2.0,0.4,-1.4,5.2%,14.6%,17.0%,52.3%,6.6%
31,31,Goran Dragic,MIA,34,6-3,190,None,Slovenia,2008,2,45,59,16.2,3.2,5.1,3.5,1.7%,9.0%,24.8%,57.3%,29.7%
32,32,Gordon Hayward,BOS,30,6-7,225,Butler,USA,2010,1,9,52,17.5,6.7,4.1,8.5,3.1%,15.9%,20.6%,59.5%,17.8%
33,33,Gorgui Dieng,MEM,30,6-10,252,Louisville,Senegal,2013,1,21,63,7.4,5.6,1.2,-3.6,7.4%,22.1%,17.5%,56.8%,10.7%
34,34,Grant Williams,BOS,21,6-6,236,Tennessee,USA,2019,1,22,69,3.4,2.6,1.0,6.3,5.3%,10.6%,11.2%,50.5%,8.5%
35,35,Grayson Allen,MEM,24,6-4,198,Duke,USA,2018,1,21,38,8.7,2.2,1.4,-6.0,1.0%,10.3%,17.1%,60.9%,10.4%
36,36,Hamidou Diallo,OKC,21,6-5,202,Kentucky,USA,2018,2,45,46,6.9,3.6,0.8,0.9,4.6%,12.4%,17.3%,49.1%,6.0%
37,37,Harrison Barnes,SAC,28,6-8,225,North Carolina,USA,2012,1,7,72,14.5,4.9,2.2,-2.5,3.0%,11.1%,17.2%,57.4%,9.2%
38,38,Harry Giles III,SAC,22,6-11,240,Duke,USA,2017,1,20,46,6.9,4.1,1.3,-8.2,6.5%,24.1%,20.6%,58.0%,13.5%
39,39,Hassan Whiteside,POR,31,7-0,265,Marshall,USA,2010,2,33,67,15.5,13.5,1.2,2.7,12.3%,29.4%,19.2%,64.4%,5.8%
40,40,Henry Ellenson,BKN,23,6-10,240,Marquette,USA,2016,1,18,5,0.4,1.2,0.2,27.3,11.1%,19.0%,15.9%,14.3%,12.5%
41,41,Ian Mahinmi,WAS,33,6-11,262,None,France,2005,1,28,38,7.4,5.7,1.3,-4.5,8.9%,17.6%,15.4%,54.5%,8.4%
42,42,Ignas Brazdeikis,NYK,21,6-6,221,Michigan,Canada,2019,2,47,9,1.9,0.6,0.4,-7.1,3.6%,6.8%,21.8%,35.1%,11.4%
43,43,Iman Shumpert,BKN,30,6-5,212,Georgia Tech,USA,2011,1,17,13,4.2,2.6,0.9,-9.0,3.5%,9.2%,13.4%,40.3%,7.8%
44,44,Isaac Bonga,WAS,20,6-8,180,None,Germany,2018,2,39,66,5.0,3.4,1.2,-0.4,5.2%,12.1%,10.6%,60.8%,8.1%
45,45,Isaiah Hartenstein,HOU,22,7-0,250,None,Germany,2017,2,43,23,4.7,3.9,0.8,8.7,10.7%,20.0%,14.4%,67.4%,9.5%
46,46,Isaiah Roby,OKC,22,6-8,230,Nebraska-Lincoln,USA,2019,2,45,3,0.0,0.7,0.0,-11.5,0.0%,16.7%,7.1%,0.0%,0.0%
47,47,Isaiah Thomas,WAS,31,5-9,185,Washington,USA,2011,2,60,40,12.2,1.7,3.7,-10.4,1.1%,6.3%,23.6%,53.1%,22.4%
48,48,Ish Smith,WAS,31,6-0,175,Wake Forest,USA,Undrafted,Undrafted,Undrafted,68,10.9,3.2,4.9,-3.9,1.5%,10.3%,18.6%,50.9%,26.6%
49,49,Ivica Zubac,LAC,23,7-0,240,None,Croatia,2016,2,32,72,8.3,7.5,1.1,8.9,14.0%,24.0%,16.3%,65.1%,9.1%
0,0,J.J. Barea,DAL,36,5-10,180,Northeastern,Puerto Rico,Undrafted,Undrafted,Undrafted,29,7.7,1.8,3.9,2.9,2.2%,9.7%,24.5%,51.2%,36.5%
1,1,J.P. Macura,CLE,25,6-4,203,Xavier,USA,2018,,,1,0.0,0.0,0.0,150.0,0.0%,0.0%,0.0%,0.0%,0.0%
2,2,JJ Redick,NOP,36,6-3,200,Duke,USA,2006,1,11,60,15.3,2.5,2.0,-1.0,0.6%,8.3%,19.7%,64.4%,10.7%
3,3,JR Smith,LAL,34,6-6,220,No College,USA,2004,1,18,6,2.8,0.8,0.5,-16.7,0.0%,6.0%,14.4%,37.2%,5.6%
4,4,Ja Morant,MEM,20,6-3,174,Murray State,USA,2019,1,2,67,17.8,3.9,7.3,-0.6,2.4%,9.0%,25.6%,55.6%,35.4%
5,5,JaKarr Sampson,IND,27,6-7,214,St. John's,USA,Undrafted,Undrafted,Undrafted,34,4.6,2.6,0.6,1.9,4.2%,14.1%,12.6%,61.5%,5.8%
6,6,JaMychal Green,LAC,30,6-8,227,Alabama,USA,Undrafted,Undrafted,Undrafted,63,6.8,6.2,0.8,5.0,5.5%,20.9%,13.2%,57.6%,5.1%
7,7,JaVale McGee,LAL,32,7-0,270,Nevada-Reno,USA,2008,1,18,68,6.6,5.7,0.5,5.8,11.1%,21.8%,14.5%,65.2%,4.4%
8,8,Jabari Parker,SAC,25,6-8,245,Duke,USA,2014,1,2,38,14.0,5.6,1.8,-4.9,6.5%,17.0%,23.3%,57.1%,11.0%
9,9,Jacob Evans,MIN,23,6-4,210,Cincinnati,USA,2018,1,28,29,4.4,1.4,1.1,-11.0,1.9%,7.7%,16.7%,43.6%,12.0%
10,10,Jae Crowder,MIA,29,6-6,235,Marquette,USA,2012,2,34,65,10.5,5.9,2.5,-2.9,2.6%,16.9%,15.2%,55.3%,11.7%
11,11,Jahlil Okafor,NOP,24,6-10,270,Duke,USA,2015,1,3,30,8.1,4.2,1.2,-10.1,9.4%,16.4%,19.5%,64.2%,12.1%
12,12,Jake Layman,MIN,26,6-8,209,Maryland,USA,2016,2,47,23,9.1,2.5,0.7,2.0,3.0%,7.5%,16.5%,54.4%,4.1%
13,13,Jakob Poeltl,SAS,24,7-1,245,Utah,Austria,2016,1,9,66,5.6,5.7,1.8,5.7,10.8%,19.4%,12.5%,61.2%,12.6%
14,14,Jalen Brunson,DAL,23,6-1,190,Villanova,USA,2018,2,33,57,8.2,2.4,3.3,7.6,2.1%,10.0%,19.9%,55.3%,26.5%
15,15,Jalen Lecque,PHX,20,6-4,185,None,USA,Undrafted,Undrafted,Undrafted,5,2.0,0.4,0.4,-20.2,0.0%,5.7%,18.6%,46.0%,11.8%
16,16,Jalen McDaniels,CHA,22,6-10,205,San Diego State,USA,2019,2,52,16,5.6,4.1,0.8,-3.6,5.0%,17.2%,13.1%,57.4%,6.9%
17,17,Jamal Crawford,BKN,40,6-5,200,Michigan,USA,2000,1,8,1,5.0,0.0,3.0,26.7,0.0%,0.0%,23.5%,62.5%,50.0%
18,18,Jamal Murray,DEN,23,6-4,215,Kentucky,Canada,2016,1,7,59,18.5,4.0,4.8,5.3,2.4%,10.1%,24.8%,55.9%,22.8%
19,19,James Ennis III,ORL,29,6-6,215,California State-Long Beach,USA,2013,2,50,69,6.6,3.6,0.9,0.1,5.5%,13.7%,15.1%,56.5%,6.7%
20,20,James Harden,HOU,30,6-5,220,Arizona State,USA,2009,1,3,68,34.3,6.6,7.5,5.8,2.6%,13.9%,35.6%,62.6%,36.6%
21,21,James Johnson,MIN,33,6-7,240,Wake Forest,USA,2009,1,16,32,8.4,3.7,2.3,-4.6,3.8%,14.5%,18.6%,57.2%,17.7%
22,22,Jared Dudley,LAL,34,6-6,237,Boston College,USA,2007,1,22,45,1.5,1.2,0.6,3.3,1.7%,11.9%,8.1%,55.8%,10.4%
23,23,Jared Harper,NYK,22,5-10,175,Auburn,USA,Undrafted,Undrafted,Undrafted,3,0.7,0.0,0.0,-61.1,0.0%,0.0%,22.2%,25.0%,0.0%
24,24,Jaren Jackson Jr.,MEM,20,6-11,242,Michigan State,USA,2018,1,4,57,17.4,4.6,1.4,-2.6,3.3%,12.0%,23.8%,59.3%,7.3%
25,25,Jarred Vanderbilt,MIN,21,6-9,214,Kentucky,USA,2018,2,41,11,1.1,0.8,0.2,-23.4,6.5%,14.3%,13.3%,67.6%,5.7%
26,26,Jarrell Brantley,UTA,24,6-5,250,College of Charleston,USA,2019,2,50,9,2.7,2.2,1.2,-17.0,1.9%,18.9%,15.5%,41.6%,19.3%
27,27,Jarrett Allen,BKN,22,6-11,243,Texas-Austin,USA,2017,1,22,70,11.1,9.6,1.6,0.9,10.8%,22.6%,14.8%,66.4%,8.6%
28,28,Jarrett Culver,MIN,21,6-6,195,Texas Tech,USA,2019,1,6,63,9.2,3.4,1.7,-3.3,4.1%,9.2%,18.7%,46.7%,10.5%
29,29,Jarrod Uthoff,WAS,27,6-9,220,Iowa,USA,Undrafted,Undrafted,Undrafted,7,2.7,0.9,0.0,8.1,3.2%,7.4%,14.1%,50.3%,0.0%
30,30,Javonte Green,BOS,26,6-4,205,Radford,USA,Undrafted,Undrafted,Undrafted,48,3.4,1.9,0.5,-2.6,5.1%,13.4%,14.9%,56.4%,7.9%
31,31,Jaxson Hayes,NOP,20,6-11,220,Texas-Austin,USA,2019,1,8,64,7.4,4.0,0.9,-1.8,8.5%,14.0%,14.6%,68.9%,7.4%
32,32,Jaylen Brown,BOS,23,6-6,223,California,USA,2016,1,3,57,20.3,6.4,2.1,6.9,3.1%,14.9%,24.5%,58.3%,9.5%
33,33,Jaylen Hoard,POR,21,6-8,216,Wake Forest,France,Undrafted,Undrafted,Undrafted,13,2.9,2.5,0.3,3.0,11.1%,15.8%,15.3%,50.4%,5.4%
34,34,Jaylen Nowell,MIN,20,6-4,201,Washington,USA,2019,2,43,15,3.8,0.9,1.3,1.2,1.6%,6.5%,16.5%,47.1%,19.4%
35,35,Jayson Tatum,BOS,22,6-8,210,Duke,USA,2017,1,3,66,23.4,7.0,3.0,10.6,2.7%,16.5%,28.0%,56.7%,14.3%
36,36,Jeff Green,HOU,33,6-8,235,Georgetown,USA,2007,1,5,48,9.4,2.8,1.0,-3.8,2.4%,10.8%,18.8%,59.0%,8.2%
37,37,Jeff Teague,ATL,32,6-3,195,Wake Forest,USA,2009,1,19,59,10.9,2.4,5.2,-5.7,1.7%,7.4%,19.2%,55.7%,30.6%
38,38,Jerami Grant,DEN,26,6-8,210,Syracuse,USA,2014,2,39,71,12.0,3.5,1.2,-2.1,3.1%,9.9%,17.7%,59.1%,6.8%
39,39,Jeremiah Martin,BKN,24,6-2,185,Memphis,USA,Undrafted,Undrafted,Undrafted,9,7.1,1.1,2.0,-8.4,1.0%,8.9%,26.8%,54.1%,30.0%
40,40,Jeremy Lamb,IND,28,6-5,180,Connecticut,USA,2012,1,12,46,12.5,4.3,2.1,-0.9,1.9%,13.5%,19.5%,54.7%,10.7%
41,41,Jeremy Pargo,GSW,34,6-2,219,Gonzaga,USA,2009,0,0,3,8.3,1.0,2.7,2.4,2.4%,4.8%,26.8%,55.7%,30.8%
42,42,Jerian Grant,WAS,27,6-4,198,Notre Dame,USA,2015,1,19,6,4.5,1.0,1.5,-3.6,2.2%,5.6%,16.6%,44.9%,16.1%
43,43,Jerome Robinson,WAS,23,6-4,190,Boston College,USA,2018,1,13,63,5.1,2.0,1.4,-1.0,1.2%,11.0%,15.5%,47.6%,12.3%
44,44,Jevon Carter,PHX,24,6-1,200,West Virginia,USA,2018,2,32,58,4.9,2.0,1.4,0.7,3.1%,9.0%,12.7%,56.3%,12.9%
45,45,Jimmy Butler,MIA,30,6-7,230,Marquette,USA,2011,1,30,58,19.9,6.7,6.0,5.2,5.5%,13.9%,24.6%,58.5%,28.3%
46,46,Joakim Noah,LAC,35,6-11,232,Florida,USA,2007,1,9,5,2.8,3.2,1.4,-14.6,9.1%,16.9%,14.0%,60.8%,25.9%
47,47,Joe Chealey,CHA,24,6-4,190,College of Charleston,USA,2018,,,4,0.5,0.0,0.3,-23.4,0.0%,0.0%,12.8%,12.7%,6.3%
48,48,Joe Harris,BKN,28,6-6,220,Virginia,USA,2014,2,33,69,14.5,4.3,2.1,0.9,2.8%,10.2%,17.9%,60.6%,10.0%
49,49,Joe Ingles,UTA,32,6-7,220,None,Australia,Undrafted,Undrafted,Undrafted,72,9.8,3.9,5.2,5.1,1.3%,11.2%,14.8%,59.5%,24.4%
0,0,Joel Embiid,PHI,26,7-0,280,Kansas,Cameroon,2014,1,3,51,23.0,11.6,3.0,5.2,9.1%,27.9%,31.5%,59.0%,17.8%
1,1,John Collins,ATL,22,6-9,235,Wake Forest,USA,2017,1,19,41,21.6,10.1,1.5,-5.1,8.0%,20.8%,22.4%,65.9%,7.5%
2,2,John Henson,DET,29,6-9,219,North Carolina,USA,2012,1,14,40,5.5,4.1,1.4,-0.7,7.7%,19.1%,16.0%,57.8%,13.3%
3,3,John Konchar,MEM,24,6-5,210,Indiana-Purdue Fort Wayne,USA,Undrafted,Undrafted,Undrafted,19,2.8,2.5,1.2,4.9,9.3%,15.2%,9.7%,71.3%,16.1%
4,4,Johnathan Motley,LAC,25,6-8,230,Baylor,USA,Undrafted,Undrafted,Undrafted,13,2.2,0.8,0.6,5.7,7.7%,18.9%,23.5%,77.4%,30.8%
5,5,Johnathan Williams,WAS,25,6-9,228,Gonzaga,USA,Undrafted,Undrafted,Undrafted,15,3.0,4.3,0.5,-11.6,11.9%,21.5%,10.0%,56.6%,6.4%
6,6,Jonah Bolden,PHX,24,6-8,225,UCLA,Australia,2017,2,36,7,1.4,1.3,0.0,-3.2,6.4%,14.0%,13.0%,39.2%,0.0%
7,7,Jonas Valanciunas,MEM,28,6-11,265,None,Lithuania,2011,1,5,70,14.9,11.3,1.9,0.3,11.0%,27.9%,21.1%,63.1%,10.9%
8,8,Jonathan Isaac,ORL,22,6-11,230,Florida State,USA,2017,1,6,34,11.9,6.8,1.4,0.7,5.6%,17.7%,18.1%,55.2%,7.4%
9,9,Jordan Bell,CLE,25,6-8,216,Oregon,USA,2017,2,38,29,3.2,2.8,0.6,-1.6,11.0%,18.7%,15.9%,57.7%,9.0%
10,10,Jordan Bone,DET,22,6-3,180,Tennessee,USA,2019,2,57,10,1.2,0.4,0.8,-2.9,0.0%,9.1%,17.1%,30.0%,23.5%
11,11,Jordan Clarkson,UTA,28,6-4,194,Missouri,USA,2014,2,46,71,15.2,2.6,1.9,-0.5,2.8%,7.8%,25.4%,57.4%,13.0%
12,12,Jordan McLaughlin,MIN,24,5-11,185,Southern California,USA,Undrafted,Undrafted,Undrafted,30,7.6,1.6,4.2,-5.8,1.0%,7.9%,15.1%,58.7%,30.3%
13,13,Jordan McRae,DET,29,6-5,179,Tennessee,USA,2014,2,58,37,11.5,3.4,2.5,-4.1,2.2%,13.9%,23.9%,51.5%,17.4%
14,14,Jordan Poole,GSW,21,6-4,194,Michigan,USA,2019,1,28,57,8.8,2.1,2.4,-8.2,0.7%,8.7%,20.0%,45.4%,16.0%
15,15,Josh Gray,NOP,26,6-0,180,Louisiana State,USA,Undrafted,Undrafted,Undrafted,2,1.0,1.0,1.0,-14.9,5.3%,4.0%,13.7%,50.0%,15.4%
16,16,Josh Hart,NOP,25,6-5,215,Villanova,USA,2017,1,30,65,10.1,6.5,1.7,-3.1,3.2%,19.5%,15.0%,56.3%,8.4%
17,17,Josh Jackson,MEM,23,6-8,207,Kansas,USA,2017,1,4,22,9.0,3.0,1.6,2.5,2.7%,12.8%,21.4%,54.7%,12.5%
18,18,Josh Magette,ORL,30,6-1,160,Alabama Huntsville,USA,2012,0,0,8,1.5,0.8,0.6,2.4,2.2%,12.8%,22.6%,37.8%,23.8%
19,19,Josh Okogie,MIN,21,6-4,213,Georgia Tech,Nigeria,2018,1,20,62,8.6,4.3,1.6,-4.7,5.0%,11.4%,14.8%,55.3%,8.9%
20,20,Josh Reaves,DAL,23,6-4,214,Penn State,USA,Undrafted,Undrafted,Undrafted,4,2.0,0.8,0.8,15.5,3.0%,6.3%,16.1%,40.5%,15.8%
21,21,Josh Richardson,PHI,26,6-5,200,Tennessee,USA,2015,2,40,55,13.7,3.2,2.9,3.3,2.3%,7.5%,20.0%,53.3%,13.8%
22,22,Jrue Holiday,NOP,30,6-3,205,UCLA,USA,2009,1,17,61,19.1,4.8,6.7,0.5,3.4%,9.5%,24.1%,53.7%,28.4%
23,23,Juan Toscano-Anderson,GSW,27,6-6,209,Marquette,USA,Undrafted,Undrafted,Undrafted,13,5.3,4.0,2.0,-12.0,3.1%,16.3%,12.5%,52.9%,14.4%
24,24,Juancho Hernangomez,MIN,24,6-9,214,None,Spain,2016,1,15,48,6.0,4.1,0.8,-2.3,4.6%,18.4%,14.9%,51.8%,6.3%
25,25,Julius Randle,NYK,25,6-8,250,Kentucky,USA,2014,1,7,64,19.5,9.7,3.1,-5.9,6.7%,22.3%,27.1%,53.8%,15.8%
26,26,Justin Anderson,BKN,26,6-5,231,Virginia,USA,2015,1,21,10,2.8,2.1,0.8,-0.1,0.8%,16.7%,16.2%,35.2%,9.9%
27,27,Justin Holiday,IND,31,6-6,180,Washington,USA,Undrafted,Undrafted,Undrafted,73,8.3,3.3,1.3,1.3,1.7%,10.4%,13.0%,58.5%,6.8%
28,28,Justin Jackson,DAL,25,6-7,220,North Carolina,USA,2017,1,15,65,5.5,2.4,0.8,0.5,2.4%,11.9%,15.0%,49.6%,6.7%
29,29,Justin James,SAC,23,6-7,190,Wyoming,USA,2019,2,40,36,2.5,0.9,0.5,-2.4,2.4%,11.1%,18.1%,47.7%,11.8%
30,30,Justin Patton,DET,23,6-11,241,Creighton,USA,2017,1,16,5,1.8,1.0,0.4,-32.0,4.2%,17.4%,19.4%,45.0%,11.1%
31,31,Justin Robinson,WAS,22,6-1,195,Virginia Tech,USA,2019,,,9,1.4,0.6,0.8,29.9,2.2%,9.8%,13.3%,54.2%,19.4%
32,32,Justin Wright-Foreman,UTA,22,6-0,190,Hofstra,USA,2019,2,53,4,4.8,1.3,1.8,-32.5,0.0%,12.5%,22.5%,43.7%,29.2%
33,33,Justise Winslow,MEM,24,6-6,222,Duke,USA,2015,1,10,11,11.3,6.6,4.0,6.4,4.3%,15.4%,19.0%,44.0%,18.3%
34,34,Jusuf Nurkic,POR,25,7-0,290,None,Bosnia and He...,2014,1,16,8,17.6,10.3,4.0,-0.5,8.7%,24.3%,23.2%,56.7%,17.9%
35,35,Juwan Morgan,UTA,23,6-7,232,Indiana,USA,Undrafted,Undrafted,Undrafted,21,1.7,1.4,0.3,12.0,7.0%,12.8%,10.1%,64.8%,5.3%
36,36,KZ Okpala,MIA,21,6-8,215,Stanford,USA,2019,2,32,5,1.4,1.0,0.2,-31.7,3.8%,16.0%,10.2%,59.5%,7.7%
37,37,Kadeem Allen,NYK,27,6-1,200,Arizona,USA,2017,2,53,10,5.0,0.9,2.1,-10.1,1.6%,6.5%,19.1%,51.2%,25.9%
38,38,Karl-Anthony Towns,MIN,24,6-11,248,Kentucky,USA,2015,1,1,35,26.5,10.8,4.4,-1.5,7.5%,24.0%,27.8%,64.2%,21.0%
39,39,Kawhi Leonard,LAC,29,6-7,225,San Diego State,USA,2011,1,15,57,27.1,7.1,4.9,12.2,2.8%,17.5%,32.7%,58.9%,25.5%
40,40,Keita Bates-Diop,DEN,24,6-8,229,Ohio State,USA,2018,2,48,44,6.5,2.9,0.7,-10.6,3.0%,13.1%,15.6%,53.9%,6.4%
41,41,Kelan Martin,MIN,24,6-5,230,Butler,USA,Undrafted,Undrafted,Undrafted,31,6.4,3.1,0.7,-1.7,2.1%,15.4%,17.1%,50.6%,7.1%
42,42,Keldon Johnson,SAS,20,6-5,220,Kentucky,USA,2019,1,29,17,9.1,3.4,0.9,11.3,3.3%,14.6%,16.4%,71.1%,6.6%
43,43,Kelly Olynyk,MIA,29,6-11,240,Gonzaga,Canada,2013,1,13,67,8.2,4.6,1.7,1.5,3.4%,19.1%,16.5%,62.1%,13.1%
44,44,Kelly Oubre Jr.,PHX,24,6-7,203,Kansas,USA,2015,1,15,56,18.7,6.4,1.5,0.2,3.4%,15.1%,21.9%,56.0%,6.6%
45,45,Kemba Walker,BOS,30,6-0,184,Connecticut,USA,2011,1,9,56,20.4,3.9,4.8,7.1,2.0%,10.0%,26.8%,57.5%,23.2%
46,46,Kendrick Nunn,MIA,24,6-2,190,Oakland,USA,Undrafted,Undrafted,Undrafted,67,15.3,2.7,3.3,1.2,1.1%,7.9%,23.6%,53.4%,18.2%
47,47,Kenrich Williams,NOP,25,6-6,210,TCU,USA,Undrafted,Undrafted,Undrafted,39,3.5,4.8,1.5,-1.0,5.5%,15.7%,8.7%,42.9%,8.7%
48,48,Kent Bazemore,SAC,30,6-4,195,Old Dominion,USA,Undrafted,Undrafted,Undrafted,68,8.8,4.3,1.4,0.8,1.5%,14.4%,17.1%,49.9%,7.7%
49,49,Kentavious Caldwell-Pope,LAL,27,6-5,204,Georgia,USA,2013,1,8,69,9.3,2.1,1.6,3.5,2.1%,5.6%,14.2%,58.4%,8.5%
0,0,Kevin Hervey,OKC,23,6-9,230,Texas-Arlington,USA,2018,2,57,10,1.7,1.2,0.5,-28.9,1.2%,21.6%,18.9%,31.5%,19.2%
1,1,Kevin Huerter,ATL,21,6-7,190,Maryland,USA,2018,1,19,56,12.2,4.1,3.8,-6.1,1.9%,10.6%,16.9%,53.6%,17.1%
2,2,Kevin Knox II,NYK,20,6-7,215,Kentucky,USA,2018,1,9,65,6.4,2.8,0.9,-7.3,2.1%,12.8%,17.2%,47.0%,7.6%
3,3,Kevin Love,CLE,31,6-8,251,UCLA,USA,2008,1,5,56,17.6,9.8,3.2,-8.0,3.0%,28.6%,22.5%,59.9%,15.0%
4,4,Kevin Porter Jr.,CLE,20,6-4,203,Southern California,USA,2019,1,30,50,10.0,3.2,2.2,-11.2,1.8%,12.1%,20.2%,53.5%,14.7%
5,5,Kevon Looney,GSW,24,6-9,222,UCLA,USA,2015,1,30,20,3.4,3.3,1.0,-18.3,9.8%,15.1%,14.7%,40.3%,12.0%
6,6,Khem Birch,ORL,27,6-9,233,UNLV,Canada,Undrafted,Undrafted,Undrafted,48,4.4,4.6,1.0,-7.1,8.9%,14.4%,10.1%,56.6%,7.9%
7,7,Khris Middleton,MIL,28,6-7,222,Texas A&M,USA,2012,2,39,62,20.9,6.2,4.3,12.4,2.3%,15.7%,26.0%,61.9%,21.2%
8,8,Khyri Thomas,DET,24,6-3,210,Creighton,USA,2018,2,38,8,2.1,0.1,0.4,-28.7,1.2%,0.0%,14.9%,45.3%,9.7%
9,9,Kostas Antetokounmpo,LAL,22,6-10,200,Dayton,Greece,2018,2,60,5,1.4,0.6,0.4,19.6,9.5%,5.0%,9.6%,90.2%,10.0%
10,10,Kris Dunn,CHI,26,6-3,205,Providence,USA,2016,1,5,51,7.3,3.6,3.4,-0.1,1.7%,13.2%,14.5%,51.0%,19.8%
11,11,Kristaps Porzingis,DAL,24,7-3,240,None,Latvia,2015,1,4,57,20.4,9.5,1.8,6.9,5.2%,22.1%,26.3%,55.1%,8.8%
12,12,Ky Bowman,GSW,23,6-1,187,Boston College,USA,Undrafted,Undrafted,Undrafted,45,7.4,2.7,2.9,-8.4,2.2%,9.3%,16.8%,49.4%,20.2%
13,13,Kyle Alexander,MIA,23,6-10,216,Tennessee,Canada,Undrafted,Undrafted,Undrafted,2,1.0,1.5,0.0,-6.7,11.1%,6.7%,7.9%,50.0%,0.0%
14,14,Kyle Anderson,MEM,26,6-9,230,UCLA,USA,2014,1,30,67,5.8,4.3,2.4,-3.0,4.2%,15.1%,13.4%,53.4%,16.3%
15,15,Kyle Guy,SAC,22,6-1,167,Virginia,USA,2019,2,55,3,1.3,0.3,0.3,-45.8,0.0%,9.1%,20.0%,40.0%,12.5%
16,16,Kyle Korver,MIL,39,6-7,212,Creighton,USA,2003,2,51,58,6.7,2.1,1.2,5.4,1.4%,9.1%,14.5%,62.0%,9.2%
17,17,Kyle Kuzma,LAL,24,6-8,221,Utah,USA,2017,1,27,61,12.8,4.5,1.3,4.9,3.3%,13.5%,22.1%,53.1%,7.6%
18,18,Kyle Lowry,TOR,34,6-0,196,Villanova,USA,2006,1,24,58,19.4,5.0,7.5,6.0,1.5%,11.5%,22.5%,59.0%,30.9%
19,19,Kyle O'Quinn,PHI,30,6-9,250,Norfolk State,USA,2012,2,49,29,3.5,4.0,1.8,-4.9,9.9%,26.5%,14.8%,54.4%,22.5%
20,20,Kyrie Irving,BKN,28,6-2,195,Duke,Australia,2011,1,1,20,27.4,5.2,6.4,-0.4,3.2%,12.0%,31.8%,59.5%,33.1%
21,21,LaMarcus Aldridge,SAS,34,6-11,250,Texas-Austin,USA,2006,1,2,53,18.9,7.4,2.4,-3.2,5.8%,16.2%,23.6%,57.1%,11.7%
22,22,Lance Thomas,BKN,32,6-8,225,Duke,USA,Undrafted,Undrafted,Undrafted,7,3.4,1.9,0.9,-24.2,1.9%,14.1%,13.0%,48.5%,7.8%
23,23,Landry Shamet,LAC,23,6-4,190,Wichita State,USA,2018,1,26,53,9.3,1.9,1.9,4.3,0.4%,5.8%,13.2%,58.0%,9.0%
24,24,Langston Galloway,DET,28,6-1,200,St. Joseph's (PA),USA,Undrafted,Undrafted,Undrafted,66,10.3,2.3,1.5,-4.4,1.9%,6.8%,14.9%,58.4%,8.9%
25,25,Larry Nance Jr.,CLE,27,6-7,245,Wyoming,USA,2015,1,27,56,10.1,7.3,2.2,-5.1,6.8%,20.9%,15.0%,60.8%,12.6%
26,26,Lauri Markkanen,CHI,23,7-0,240,Arizona,Finland,2017,1,7,50,14.7,6.3,1.5,-2.0,3.8%,17.4%,20.9%,56.0%,7.7%
27,27,LeBron James,LAL,35,6-9,250,None,USA,2003,1,1,67,25.3,7.8,10.2,8.5,2.8%,19.1%,30.8%,57.7%,47.7%
28,28,Lonnie Walker IV,SAS,21,6-5,204,Miami,USA,2018,1,18,61,6.4,2.3,1.1,-0.4,2.3%,11.0%,18.3%,50.7%,9.9%
29,29,Lonzo Ball,NOP,22,6-6,190,UCLA,USA,2017,1,2,63,11.8,6.1,7.0,-0.7,3.2%,14.2%,18.1%,51.7%,29.2%
30,30,Lou Williams,LAC,33,6-1,175,None,USA,2005,2,45,65,18.2,3.1,5.6,4.0,1.6%,8.1%,27.1%,54.6%,29.4%
31,31,Louis King,DET,21,6-7,205,Oregon,USA,Undrafted,Undrafted,Undrafted,10,2.0,1.0,0.5,11.0,1.5%,14.1%,16.3%,44.8%,12.5%
32,32,Luc Mbah a Moute,HOU,33,6-8,230,UCLA,Cameroon,2008,2,37,3,1.7,0.7,0.0,-11.3,3.3%,3.7%,10.8%,42.5%,0.0%
33,33,Luguentz Dort,OKC,21,6-3,215,Arizona State,Canada,Undrafted,Undrafted,Undrafted,36,6.8,2.3,0.8,4.4,3.0%,6.6%,13.9%,50.6%,4.5%
34,34,Luka Doncic,DAL,21,6-7,230,None,Slovenia,2018,1,3,61,28.8,9.4,8.8,5.3,3.6%,22.4%,35.5%,58.5%,45.4%
35,35,Luka Samanic,SAS,20,6-10,227,None,Croatia,2019,1,19,3,5.3,3.3,2.0,8.8,2.0%,16.7%,17.9%,45.0%,18.2%
36,36,Luke Kennard,DET,24,6-5,206,Duke,USA,2017,1,12,28,15.8,3.5,4.1,-2.1,1.0%,9.5%,19.3%,58.9%,18.8%
37,37,Luke Kornet,CHI,24,7-2,250,Vanderbilt,USA,Undrafted,Undrafted,Undrafted,36,6.0,2.3,0.9,-3.6,3.7%,11.8%,16.3%,53.9%,8.2%
38,38,Malcolm Brogdon,IND,27,6-5,229,Virginia,USA,2016,2,36,54,16.5,4.9,7.1,2.3,2.8%,12.4%,24.9%,54.1%,35.0%
39,39,Malcolm Miller,TOR,27,6-7,210,Holy Cross,USA,Undrafted,Undrafted,Undrafted,28,1.3,0.6,0.4,15.9,1.3%,7.7%,9.0%,53.8%,8.2%
40,40,Malik Beasley,MIN,23,6-4,187,Florida State,USA,2016,1,19,55,11.2,2.7,1.4,-1.9,1.4%,10.7%,20.8%,54.6%,9.3%
41,41,Malik Monk,CHA,22,6-3,200,Kentucky,USA,2017,1,11,55,10.3,2.9,2.1,-10.5,2.1%,10.8%,22.0%,53.0%,16.8%
42,42,Malik Newman,CLE,23,6-3,190,Kansas,USA,2018,,,1,2.0,0.0,0.0,-30.4,0.0%,0.0%,57.1%,34.7%,0.0%
43,43,Marc Gasol,TOR,35,6-11,255,None,Spain,2007,2,48,44,7.5,6.3,3.3,10.1,2.7%,18.7%,13.3%,55.1%,17.3%
44,44,Marco Belinelli,SAS,34,6-5,220,None,Italy,2007,1,18,57,6.3,1.7,1.2,1.5,0.8%,9.7%,16.6%,53.2%,10.2%
45,45,Marcus Morris Sr.,LAC,30,6-8,218,Kansas,USA,2011,1,14,62,16.7,5.0,1.4,1.5,2.9%,12.8%,21.6%,57.0%,6.6%
46,46,Marcus Smart,BOS,26,6-3,220,Oklahoma State,USA,2014,1,6,60,12.9,3.8,4.9,7.3,2.0%,8.9%,18.3%,51.8%,21.4%
47,47,Marial Shayok,PHI,24,6-5,198,Iowa State,Canada,2019,2,54,4,2.8,1.8,0.3,-23.2,3.3%,19.4%,24.3%,40.0%,5.3%
48,48,Mario Hezonja,POR,25,6-8,220,None,Croatia,2015,1,5,53,4.8,3.5,0.9,-9.5,3.2%,15.8%,13.5%,52.5%,8.0%
49,49,Markelle Fultz,ORL,22,6-3,209,Washington,USA,2017,1,1,72,12.1,3.3,5.1,-1.7,2.0%,10.0%,21.0%,51.7%,27.3%
0,0,Markieff Morris,LAL,30,6-8,245,Kansas,USA,2011,1,13,58,9.7,3.8,1.3,-5.8,3.3%,14.4%,20.2%,56.5%,10.0%
1,1,Marko Guduric,MEM,25,6-6,201,None,Serbia,Undrafted,Undrafted,Undrafted,44,3.9,1.7,1.0,-2.6,2.8%,11.5%,16.8%,51.4%,12.7%
2,2,Marques Bolden,CLE,22,6-10,249,Duke,USA,2019,,,1,0.0,2.0,0.0,57.1,0.0%,50.0%,0.0%,0.0%,0.0%
3,3,Marquese Chriss,GSW,22,6-9,240,Washington,USA,2016,1,8,59,9.3,6.2,1.9,-9.5,8.9%,21.2%,18.4%,60.4%,15.0%
4,4,Marvin Bagley III,SAC,21,6-11,235,Duke,USA,2018,1,2,13,14.2,7.5,0.8,-12.6,8.2%,20.1%,24.8%,51.2%,5.0%
5,5,Marvin Williams,MIL,34,6-8,237,North Carolina,USA,2005,1,2,58,5.9,3.2,1.0,-2.8,2.5%,13.2%,12.0%,58.7%,7.6%
6,6,Mason Plumlee,DEN,30,6-11,254,Duke,USA,2013,1,22,61,7.2,5.2,2.5,-1.0,8.7%,19.5%,17.3%,61.3%,21.0%
7,7,Matisse Thybulle,PHI,23,6-5,201,Washington,USA,2019,1,20,65,4.7,1.6,1.2,2.4,3.3%,4.9%,10.8%,53.9%,8.1%
8,8,Matt Mooney,CLE,23,6-2,199,Texas Tech,USA,Undrafted,Undrafted,Undrafted,4,0.5,0.8,0.3,17.5,0.0%,15.8%,8.0%,25.0%,7.1%
9,9,Matt Thomas,TOR,25,6-4,190,Iowa State,USA,Undrafted,Undrafted,Undrafted,41,4.9,1.5,0.5,4.2,1.8%,10.0%,15.2%,65.0%,7.6%
10,10,Matthew Dellavedova,CLE,29,6-3,200,St.Mary's College of California,Australia,Undrafted,Undrafted,Undrafted,57,3.1,1.3,3.2,-1.2,2.2%,6.7%,12.8%,46.3%,29.7%
11,11,Maurice Harkless,NYK,27,6-7,220,St. John's,USA,2012,1,15,62,5.8,3.9,1.1,1.2,3.8%,11.7%,10.5%,57.2%,6.2%
12,12,Max Strus,CHI,24,6-5,215,DePaul,USA,Undrafted,Undrafted,Undrafted,2,2.5,0.5,0.0,105.8,16.7%,0.0%,15.8%,72.7%,0.0%
13,13,Maxi Kleber,DAL,28,6-10,240,None,Germany,Undrafted,Undrafted,Undrafted,74,9.1,5.2,1.2,3.4,5.4%,13.6%,13.4%,60.5%,6.5%
14,14,Melvin Frazier Jr.,ORL,23,6-5,215,Tulane,USA,2018,2,35,19,2.1,0.5,0.2,-15.0,1.4%,6.7%,12.9%,55.9%,3.9%
15,15,Meyers Leonard,MIA,28,7-0,260,Illinois,USA,2012,1,11,51,6.1,5.1,1.1,4.5,3.0%,21.4%,12.1%,62.7%,7.5%
16,16,Mfiondu Kabengele,LAC,22,6-9,250,Florida State,Canada,2019,1,27,12,3.5,0.9,0.2,0.8,1.7%,15.9%,24.2%,61.4%,5.0%
17,17,Michael Carter-Williams,ORL,28,6-5,190,Syracuse,USA,2013,1,11,45,7.2,3.3,2.4,1.4,5.0%,12.1%,17.5%,53.5%,19.2%
18,18,Michael Frazier II,HOU,26,6-3,200,Florida,USA,Undrafted,Undrafted,Undrafted,13,2.1,0.8,0.2,-16.0,0.6%,6.7%,11.5%,38.4%,2.1%
19,19,Michael Kidd-Gilchrist,DAL,26,6-6,232,Kentucky,USA,2012,1,2,25,2.4,2.7,0.6,4.2,4.5%,16.9%,13.4%,41.6%,7.7%
20,20,Michael Porter Jr.,DEN,22,6-10,218,Missouri,USA,2018,1,14,55,9.3,4.7,0.8,0.7,7.0%,21.4%,21.1%,61.7%,7.4%
21,21,Mikal Bridges,PHX,23,6-6,209,Villanova,USA,2018,1,10,73,9.1,4.0,1.8,2.9,3.2%,10.7%,12.5%,62.0%,8.6%
22,22,Mike Conley,UTA,32,6-1,175,Ohio State,USA,2007,1,4,47,14.4,3.2,4.4,2.1,2.4%,8.3%,22.3%,53.7%,23.6%
23,23,Mike Muscala,OKC,28,6-10,240,Bucknell,USA,2013,2,44,47,4.8,2.3,0.9,-2.3,2.7%,15.6%,16.0%,56.9%,10.6%
24,24,Mike Scott,PHI,31,6-7,237,Virginia,USA,2012,2,43,68,6.0,3.6,0.8,5.7,5.1%,14.8%,13.2%,55.7%,6.4%
25,25,Miles Bridges,CHA,22,6-6,225,Michigan State,USA,2018,1,12,65,13.0,5.6,1.8,-9.7,4.2%,13.8%,19.6%,52.0%,9.2%
26,26,Mitchell Robinson,NYK,22,7-0,240,Western Kentucky,USA,2018,2,36,61,9.7,7.0,0.6,-2.9,12.2%,16.0%,12.9%,72.6%,3.9%
27,27,Miye Oni,UTA,22,6-5,206,Yale,USA,2019,2,58,10,3.5,1.7,0.4,-8.6,4.4%,12.1%,14.6%,51.2%,5.1%
28,28,Mo Bamba,ORL,22,7-0,231,Texas-Austin,USA,2018,1,6,62,5.4,4.9,0.7,0.5,9.9%,21.6%,16.3%,54.2%,7.7%
29,29,Monte Morris,DEN,25,6-2,183,Iowa State,USA,2017,2,51,73,9.0,1.9,3.5,0.8,1.4%,6.7%,16.8%,54.5%,21.9%
30,30,Montrezl Harrell,LAC,26,6-7,240,Louisville,USA,2015,2,32,63,18.6,7.1,1.7,6.5,8.9%,14.1%,24.5%,60.7%,10.2%
31,31,Moritz Wagner,WAS,23,6-11,245,Michigan,Germany,2018,1,25,45,8.7,4.9,1.2,-4.2,6.3%,20.2%,17.9%,63.8%,10.0%
32,32,Moses Brown,POR,20,7-2,245,UCLA,USA,Undrafted,Undrafted,Undrafted,9,1.2,1.6,0.1,-50.9,7.3%,32.4%,20.0%,40.7%,4.8%
33,33,Mychal Mulder,GSW,26,6-3,184,Kentucky,Canada,Undrafted,Undrafted,Undrafted,7,11.0,3.3,1.1,6.2,1.6%,9.3%,16.5%,53.3%,5.3%
34,34,Myles Turner,IND,24,6-11,250,Texas-Austin,USA,2015,1,11,62,12.1,6.6,1.2,0.4,4.7%,16.8%,18.0%,56.6%,5.7%
35,35,Nassir Little,POR,20,6-5,220,North Carolina,USA,2019,1,25,48,3.6,2.3,0.5,-3.2,4.8%,12.0%,13.1%,50.5%,5.0%
36,36,Naz Mitrou-Long,IND,26,6-3,218,Iowa State,Canada,Undrafted,Undrafted,Undrafted,5,2.8,1.4,1.6,20.2,0.0%,11.9%,17.7%,41.2%,25.0%
37,37,Naz Reid,MIN,20,6-9,264,Louisiana State,USA,Undrafted,Undrafted,Undrafted,30,9.0,4.1,1.2,0.7,6.0%,17.6%,23.4%,50.5%,10.6%
38,38,Nemanja Bjelica,SAC,32,6-10,234,None,Serbia,2010,2,35,72,11.5,6.4,2.8,-1.0,5.4%,17.7%,16.7%,60.2%,14.1%
39,39,Nerlens Noel,OKC,26,6-10,220,Kentucky,USA,2013,1,6,61,7.4,4.9,0.9,1.3,8.2%,17.4%,14.8%,71.1%,7.9%
40,40,Nic Claxton,BKN,21,6-11,215,Georgia,USA,2019,2,31,15,4.4,2.9,1.1,-15.6,9.0%,11.2%,14.4%,57.7%,14.2%
41,41,Nickeil Alexander-Walker,NOP,21,6-5,205,Virginia Tech,Canada,2019,1,17,47,5.7,1.8,1.9,-3.6,1.5%,12.2%,23.3%,47.3%,21.2%
42,42,Nicolas Batum,CHA,31,6-9,230,None,France,2008,1,25,22,3.6,4.5,3.0,-3.3,4.9%,14.6%,9.3%,46.3%,17.3%
43,43,Nicolo Melli,NOP,29,6-9,236,None,Italy,Undrafted,Undrafted,Undrafted,60,6.6,3.0,1.4,-4.3,3.4%,13.2%,15.8%,55.6%,11.2%
44,44,Nigel Williams-Goss,UTA,25,6-2,190,Gonzaga,USA,2017,2,55,10,1.4,0.6,0.6,4.5,3.7%,7.0%,16.1%,41.5%,15.8%
45,45,Nikola Jokic,DEN,25,7-0,284,None,Serbia,2014,2,41,73,19.9,9.7,7.0,4.5,7.3%,23.7%,26.6%,60.5%,35.0%
46,46,Nikola Vucevic,ORL,29,6-11,260,Southern California,Montenegro,2011,1,16,62,19.6,10.9,3.6,0.9,6.8%,27.0%,25.8%,54.9%,18.2%
47,47,Noah Vonleh,DEN,24,6-10,257,Indiana,USA,2014,1,9,36,3.7,3.4,0.8,-5.0,8.4%,20.5%,13.5%,62.2%,11.5%
48,48,Norman Powell,TOR,27,6-3,215,UCLA,USA,2015,2,46,52,16.0,3.7,1.8,4.6,1.7%,9.8%,21.0%,62.4%,9.5%
49,49,Norvel Pelle,PHI,27,6-10,231,Iona,USA,Undrafted,Undrafted,Undrafted,24,2.4,3.0,0.3,-15.7,8.1%,22.0%,13.1%,52.6%,4.9%
0,0,OG Anunoby,TOR,22,6-7,232,Indiana,United Kingdo...,2017,1,23,69,10.6,5.3,1.6,6.2,3.8%,12.9%,14.2%,60.0%,7.4%
1,1,Omari Spellman,MIN,22,6-8,245,Villanova,USA,2018,1,30,49,7.6,4.5,1.0,-8.5,7.6%,15.5%,17.7%,55.1%,8.6%
2,2,Oshae Brissett,TOR,22,6-7,210,Syracuse,Canada,Undrafted,Undrafted,Undrafted,19,1.9,1.4,0.4,11.6,6.3%,10.9%,14.5%,45.8%,7.4%
3,3,Otto Porter Jr.,CHI,27,6-8,198,Georgetown,USA,2013,1,3,14,11.9,3.4,1.8,3.2,3.6%,10.8%,20.1%,55.0%,11.3%
4,4,P.J. Dozier,DEN,23,6-6,205,South Carolina,USA,Undrafted,Undrafted,Undrafted,29,5.8,1.9,2.2,-5.7,2.4%,10.8%,19.9%,49.5%,21.6%
5,5,P.J. Tucker,HOU,35,6-5,245,Texas-Austin,USA,2006,2,35,72,6.9,6.6,1.6,3.0,4.2%,13.7%,8.7%,55.9%,6.1%
6,6,P.J. Washington,CHA,21,6-7,230,Kentucky,USA,2019,1,12,58,12.2,5.4,2.1,-6.3,3.2%,14.5%,18.4%,54.7%,11.5%
7,7,Pascal Siakam,TOR,26,6-9,230,New Mexico State,Cameroon,2016,1,27,60,22.9,7.3,3.5,8.8,3.0%,16.2%,27.8%,55.4%,16.1%
8,8,Pat Connaughton,MIL,27,6-5,209,Notre Dame,USA,2015,2,41,67,5.4,4.2,1.6,3.5,4.4%,15.1%,11.8%,56.5%,11.5%
9,9,Patrick Beverley,LAC,31,6-1,180,Arkansas,USA,2009,2,42,51,7.9,5.2,3.6,10.2,4.0%,14.5%,13.1%,56.0%,18.0%
10,10,Patrick McCaw,TOR,24,6-7,181,UNLV,USA,2016,2,38,37,4.6,2.3,2.1,0.6,2.0%,6.8%,9.3%,50.0%,11.8%
11,11,Patrick Patterson,LAC,31,6-8,235,Kentucky,USA,2010,1,14,59,4.9,2.6,0.7,2.5,4.2%,13.6%,14.3%,58.0%,7.5%
12,12,Patty Mills,SAS,31,6-1,180,St.Mary's College of California,Australia,2009,2,55,66,11.6,1.6,1.8,4.1,1.4%,5.4%,19.3%,59.2%,11.2%
13,13,Paul George,LAC,30,6-8,220,Fresno State,USA,2010,1,10,48,21.5,5.7,3.9,8.7,1.7%,16.1%,29.2%,58.9%,20.5%
14,14,Paul Millsap,DEN,35,6-7,257,Louisiana Tech,USA,2006,2,47,51,11.6,5.7,1.6,9.3,7.9%,15.7%,19.7%,59.1%,9.3%
15,15,Paul Watson,TOR,25,6-6,210,Fresno State,USA,Undrafted,Undrafted,Undrafted,10,3.1,1.7,0.8,16.3,2.0%,16.3%,14.2%,51.7%,10.7%
16,16,Quinn Cook,LAL,27,6-1,180,Duke,USA,Undrafted,Undrafted,Undrafted,44,5.1,1.2,1.1,4.5,2.0%,7.1%,20.1%,50.9%,13.9%
17,17,Quinndary Weatherspoon,SAS,23,6-3,205,Mississippi State,USA,2019,2,49,11,1.1,0.6,1.0,-13.7,1.1%,7.4%,10.7%,33.6%,18.3%
18,18,RJ Barrett,NYK,20,6-6,214,Duke,Canada,2019,1,3,56,14.3,5.0,2.6,-9.1,2.7%,13.4%,23.4%,47.9%,12.7%
19,19,Rajon Rondo,LAL,34,6-1,180,Kentucky,USA,2006,1,21,48,7.1,3.0,5.0,1.4,2.2%,11.9%,18.4%,49.4%,34.0%
20,20,Raul Neto,PHI,28,6-1,180,None,Brazil,2013,2,47,54,5.1,1.1,1.8,2.8,1.6%,7.2%,18.1%,56.7%,21.8%
21,21,Rayjon Tucker,UTA,22,6-3,209,Arkansas-Little Rock,USA,Undrafted,Undrafted,Undrafted,20,3.1,1.0,0.3,-6.9,1.7%,11.3%,15.2%,58.4%,4.3%
22,22,Reggie Bullock,NYK,29,6-6,205,North Carolina,USA,2013,1,25,29,8.1,2.3,1.4,-5.8,1.8%,8.2%,15.3%,50.2%,8.7%
23,23,Reggie Jackson,LAC,30,6-3,208,Boston College,USA,2011,1,24,31,11.9,3.0,4.1,6.7,2.3%,9.4%,22.9%,52.9%,26.3%
24,24,Richaun Holmes,SAC,26,6-10,235,Bowling Green,USA,2015,2,37,44,12.3,8.1,1.0,1.2,10.1%,19.1%,15.6%,68.1%,5.0%
25,25,Ricky Rubio,PHX,29,6-3,190,None,Spain,2009,1,5,65,13.0,4.7,8.8,4.0,2.3%,12.8%,19.9%,53.5%,37.7%
26,26,Robert Covington,HOU,29,6-7,209,Tennessee State,USA,Undrafted,Undrafted,Undrafted,70,12.4,6.6,1.3,0.9,2.7%,18.0%,16.9%,55.9%,5.9%
27,27,Robert Williams III,BOS,22,6-8,237,Texas A&M,USA,2018,1,27,29,5.2,4.4,0.9,6.1,10.3%,20.9%,13.5%,72.8%,9.9%
28,28,Robin Lopez,MIL,32,7-0,281,Stanford,USA,2008,1,15,66,5.4,2.4,0.7,0.6,5.4%,9.2%,16.1%,55.4%,6.8%
29,29,Rodions Kurucs,BKN,22,6-9,228,None,Latvia,2018,2,40,47,4.6,2.9,1.1,-1.4,3.3%,14.1%,14.2%,55.5%,10.5%
30,30,Rodney Hood,POR,27,6-8,208,Duke,USA,2014,1,23,21,11.0,3.4,1.5,0.6,1.5%,9.2%,13.7%,62.5%,6.8%
31,31,Rodney McGruder,LAC,28,6-4,205,Kansas State,USA,Undrafted,Undrafted,Undrafted,56,3.3,2.7,0.6,0.8,3.2%,12.3%,10.1%,47.7%,5.5%
32,32,Romeo Langford,BOS,20,6-4,216,Indiana,USA,2019,1,14,32,2.5,1.3,0.4,8.9,3.8%,6.5%,11.3%,43.4%,4.5%
33,33,Rondae Hollis-Jefferson,TOR,25,6-6,217,Arizona,USA,2015,1,23,60,7.0,4.7,1.8,4.2,8.9%,14.3%,16.4%,53.3%,14.1%
34,34,Royce O'Neale,UTA,27,6-4,226,Baylor,USA,Undrafted,Undrafted,Undrafted,71,6.3,5.5,2.5,5.2,1.4%,16.5%,9.5%,57.8%,11.6%
35,35,Rudy Gay,SAS,33,6-8,250,Connecticut,USA,2006,1,8,67,10.8,5.4,1.7,0.2,4.0%,19.4%,21.1%,55.3%,11.6%
36,36,Rudy Gobert,UTA,28,7-1,258,None,France,2013,1,27,68,15.1,13.5,1.5,6.2,10.4%,27.6%,16.2%,69.9%,6.5%
37,37,Rui Hachimura,WAS,22,6-8,230,Gonzaga,Japan,2019,1,9,48,13.5,6.1,1.8,-8.2,5.1%,15.5%,18.9%,53.5%,8.8%
38,38,Russell Westbrook,HOU,31,6-3,200,UCLA,USA,2008,1,4,57,27.2,7.9,7.0,3.1,4.4%,15.7%,33.0%,53.6%,34.0%
39,39,Ryan Anderson,HOU,32,6-9,240,California,USA,2008,1,21,2,2.5,3.5,1.0,21.2,0.0%,46.7%,24.2%,35.7%,16.7%
40,40,Ryan Arcidiacono,CHI,26,6-3,195,Villanova,USA,Undrafted,Undrafted,Undrafted,58,4.5,1.9,1.7,-4.0,1.9%,9.8%,12.1%,55.1%,14.3%
41,41,Ryan Broekhoff,PHI,29,6-6,215,Valparaiso,Australia,Undrafted,Undrafted,Undrafted,17,4.2,2.5,0.6,2.1,2.5%,20.2%,15.5%,56.8%,8.3%
42,42,Sekou Doumbouya,DET,19,6-8,230,None,France,2019,1,15,38,6.4,3.1,0.5,-10.8,2.6%,13.7%,16.4%,47.4%,3.7%
43,43,Semi Ojeleye,BOS,25,6-6,240,Southern Methodist,USA,2017,2,37,69,3.4,2.1,0.5,-1.5,2.4%,10.9%,9.4%,56.2%,5.1%
44,44,Serge Ibaka,TOR,30,7-0,235,None,Republic of t...,2008,1,24,55,15.4,8.2,1.4,3.1,7.5%,20.5%,23.6%,58.3%,8.6%
45,45,Seth Curry,DAL,29,6-2,185,Duke,USA,Undrafted,Undrafted,Undrafted,64,12.4,2.3,1.9,3.4,1.6%,7.0%,17.6%,64.3%,11.7%
46,46,Shabazz Napier,WAS,28,6-0,175,Connecticut,USA,2014,1,24,56,10.3,2.8,4.7,-3.6,1.8%,10.0%,19.7%,55.2%,29.5%
47,47,Shai Gilgeous-Alexander,OKC,21,6-5,180,Kentucky,Canada,2018,1,11,70,19.0,5.9,3.3,3.5,2.0%,14.6%,23.5%,56.8%,14.8%
48,48,Shake Milton,PHI,23,6-5,205,Southern Methodist,USA,2018,2,54,40,9.4,2.2,2.6,0.1,1.8%,9.3%,18.6%,61.7%,18.2%
49,49,Shamorie Ponds,TOR,22,6-0,175,"St. John's, N.Y.",USA,Undrafted,Undrafted,Undrafted,4,2.3,0.3,0.5,-5.5,0.0%,16.7%,22.2%,76.5%,40.0%
0,0,Shaquille Harrison,CHI,26,6-7,190,Tulsa,USA,Undrafted,Undrafted,Undrafted,43,4.9,2.0,1.1,6.8,4.2%,13.9%,17.6%,55.9%,14.7%
1,1,Sindarius Thornwell,NOP,25,6-4,215,South Carolina,USA,2017,2,48,2,8.0,2.0,2.0,-7.4,0.0%,13.3%,17.6%,62.7%,14.3%
2,2,Skal Labissiere,ATL,24,6-10,235,Kentucky,Haiti,2016,1,28,33,5.8,5.1,1.3,1.3,10.5%,15.5%,13.9%,58.8%,10.6%
3,3,Solomon Hill,MIA,29,6-6,226,Arizona,USA,2013,1,23,59,5.5,2.8,1.8,-2.1,2.6%,11.8%,13.5%,53.5%,12.4%
4,4,Spencer Dinwiddie,BKN,27,6-5,215,Colorado,USA,2014,2,38,64,20.6,3.5,6.8,1.1,1.5%,8.5%,28.7%,54.1%,34.4%
5,5,Stanley Johnson,TOR,24,6-6,242,Arizona,USA,2015,1,8,25,2.4,1.5,0.8,4.8,4.1%,16.5%,21.4%,45.4%,20.0%
6,6,Stanton Kidd,UTA,28,6-6,216,Colorado State,USA,Undrafted,Undrafted,Undrafted,4,0.0,0.8,0.3,2.3,0.0%,15.8%,13.9%,0.0%,10.0%
7,7,Stephen Curry,GSW,32,6-3,185,Davidson,USA,2009,1,7,5,20.8,5.2,6.6,-15.3,2.3%,16.2%,28.6%,55.7%,35.5%
8,8,Sterling Brown,MIL,25,6-5,219,Southern Methodist,USA,2017,2,46,52,5.1,3.5,1.0,2.4,3.7%,16.8%,16.2%,48.6%,9.4%
9,9,Steven Adams,OKC,26,6-11,265,Pittsburgh,New Zealand,2013,1,12,63,10.9,9.3,2.3,4.4,12.8%,21.4%,16.8%,60.4%,12.8%
10,10,Svi Mykhailiuk,DET,23,6-7,205,Kansas,Ukraine,2018,2,47,56,9.0,1.9,1.9,-0.6,1.3%,7.1%,16.5%,57.8%,12.0%
11,11,T.J. Leaf,IND,23,6-10,222,UCLA,USA,2017,1,18,28,3.0,2.5,0.3,0.2,9.4%,17.4%,18.0%,45.1%,5.7%
12,12,T.J. McConnell,IND,28,6-1,190,Arizona,USA,2015,0,,71,6.5,2.7,5.0,1.1,2.8%,10.7%,16.7%,54.0%,35.4%
13,13,T.J. Warren,IND,26,6-8,220,North Carolina State,USA,2014,1,14,67,19.8,4.2,1.5,2.7,3.1%,9.2%,22.9%,61.0%,7.2%
14,14,Tacko Fall,BOS,24,7-5,311,Central Florida,Senegal,Undrafted,Undrafted,Undrafted,7,3.3,2.1,0.1,12.7,3.6%,32.6%,25.0%,75.1%,6.7%
15,15,Taj Gibson,NYK,35,6-9,232,Southern California,USA,2009,1,26,62,6.1,4.3,0.8,-12.5,9.8%,15.8%,14.5%,61.0%,7.7%
16,16,Talen Horton-Tucker,LAL,19,6-4,234,Iowa State,USA,2019,2,46,6,5.7,1.2,1.0,-9.5,2.2%,5.6%,18.0%,53.5%,10.7%
17,17,Tariq Owens,PHX,25,6-10,205,Texas Tech,USA,Undrafted,Undrafted,Undrafted,3,1.3,1.0,0.0,-43.4,10.5%,6.7%,17.1%,34.0%,0.0%
18,18,Taurean Prince,BKN,26,6-7,218,Baylor,USA,2016,1,12,64,12.1,6.0,1.8,1.3,2.4%,16.2%,20.0%,49.7%,9.0%
19,19,Terance Mann,LAC,23,6-5,215,Florida State,USA,2019,2,48,41,2.4,1.3,1.3,0.1,2.6%,11.2%,12.3%,54.5%,20.9%
20,20,Terence Davis,TOR,23,6-4,201,Mississippi,USA,Undrafted,Undrafted,Undrafted,72,7.5,3.3,1.6,7.9,3.9%,13.7%,18.1%,58.8%,14.0%
21,21,Terrance Ferguson,OKC,22,6-6,190,None,USA,2017,1,21,56,3.9,1.3,0.9,-4.0,1.9%,3.9%,9.2%,48.1%,5.5%
22,22,Terrence Ross,ORL,29,6-6,206,Washington,USA,2012,1,8,69,14.7,3.2,1.2,-2.5,0.6%,10.8%,21.6%,54.8%,7.2%
23,23,Terry Rozier,CHA,26,6-1,190,Louisville,USA,2015,1,16,63,18.0,4.4,4.1,-9.0,2.2%,10.7%,23.2%,55.3%,20.9%
24,24,Thabo Sefolosha,HOU,36,6-6,215,None,Switzerland,2006,1,13,41,2.2,2.3,0.6,3.9,4.3%,15.2%,10.0%,48.7%,7.4%
25,25,Thaddeus Young,CHI,32,6-8,235,Georgia Tech,USA,2007,1,12,64,10.3,4.9,1.8,-6.2,5.4%,14.5%,19.2%,52.1%,11.3%
26,26,Thanasis Antetokounmpo,MIL,27,6-6,219,None,Greece,2014,2,51,20,2.8,1.2,0.8,-6.8,8.5%,8.1%,20.2%,49.6%,17.4%
27,27,Theo Pinson,NYK,24,6-5,212,North Carolina,USA,Undrafted,Undrafted,Undrafted,33,3.6,1.6,1.7,-4.6,2.4%,10.1%,21.8%,37.0%,24.0%
28,28,Thomas Bryant,WAS,22,6-10,248,Indiana,USA,2017,2,42,46,13.2,7.2,1.8,-6.6,8.1%,19.8%,18.5%,64.9%,10.7%
29,29,Thon Maker,DET,23,7-0,221,None,South Sudan,2016,1,10,60,4.7,2.8,0.7,-8.0,6.9%,15.2%,16.0%,58.2%,8.8%
30,30,Tim Frazier,DET,29,6-0,170,Penn State,USA,Undrafted,Undrafted,Undrafted,27,3.6,1.2,3.4,-6.9,2.4%,7.1%,17.1%,46.4%,39.1%
31,31,Tim Hardaway Jr.,DAL,28,6-5,205,Michigan,USA,2013,1,24,71,15.8,3.3,1.9,5.9,1.1%,9.0%,20.4%,58.1%,9.6%
32,32,Timothe Luwawu-Cabarrot,BKN,25,6-7,220,None,France,2016,1,24,47,7.8,2.7,0.6,-1.3,3.0%,9.9%,16.2%,59.9%,5.2%
33,33,Tobias Harris,PHI,27,6-8,226,Tennessee,USA,2011,1,19,72,19.6,6.9,3.2,3.1,2.7%,17.2%,23.6%,55.6%,14.5%
34,34,Tomas Satoransky,CHI,28,6-7,210,None,Czech Republi...,2012,2,32,65,9.9,3.9,5.4,-1.5,4.0%,10.1%,16.5%,53.3%,26.9%
35,35,Tony Bradley,UTA,22,6-10,248,North Carolina,USA,2017,1,28,58,4.9,4.6,0.4,0.1,15.8%,22.6%,14.7%,68.1%,5.1%
36,36,Tony Snell,DET,28,6-6,213,New Mexico,USA,2013,1,20,59,8.0,1.9,2.2,-5.5,0.5%,6.4%,11.0%,59.8%,11.0%
37,37,Torrey Craig,DEN,29,6-7,221,South Carolina Upstate,USA,Undrafted,Undrafted,Undrafted,58,5.4,3.3,0.8,-5.7,5.8%,11.8%,12.3%,55.3%,6.1%
38,38,Trae Young,ATL,21,6-1,180,Oklahoma,USA,2018,1,5,60,29.6,4.3,9.3,-4.9,1.4%,10.0%,33.9%,59.5%,42.3%
39,39,Tremont Waters,BOS,22,5-10,175,Louisiana State,USA,2019,2,51,11,3.6,1.1,1.5,8.4,0.0%,8.9%,23.2%,38.1%,19.5%
40,40,Treveon Graham,ATL,26,6-5,219,Va Commonwealth,USA,Undrafted,Undrafted,Undrafted,55,4.4,2.7,0.8,-6.2,5.0%,9.9%,13.0%,45.6%,6.9%
41,41,Trevor Ariza,POR,35,6-8,215,UCLA,USA,2004,2,43,53,8.0,4.6,1.7,-0.3,2.2%,13.7%,11.7%,59.3%,8.1%
42,42,Trey Burke,DAL,27,6-0,185,Michigan,USA,2013,1,9,33,7.4,1.5,2.5,2.0,3.0%,6.6%,19.6%,54.8%,23.4%
43,43,Trey Lyles,SAS,24,6-9,234,Kentucky,Canada,2015,1,12,63,6.4,5.7,1.1,-2.4,5.6%,22.8%,13.6%,55.7%,7.2%
44,44,Tristan Thompson,CLE,29,6-9,254,Texas-Austin,Canada,2011,1,4,57,12.0,10.1,2.1,-10.1,12.6%,20.7%,18.1%,54.0%,10.6%
45,45,Troy Brown Jr.,WAS,20,6-6,215,Oregon,USA,2018,1,15,69,10.4,5.6,2.6,-5.5,4.0%,17.1%,17.4%,52.4%,14.2%
46,46,Troy Daniels,DEN,28,6-4,200,Va Commonwealth,USA,Undrafted,Undrafted,Undrafted,47,4.3,1.1,0.4,0.4,2.0%,6.8%,15.5%,51.8%,4.7%
47,47,Ty Jerome,PHX,22,6-5,195,Virginia,USA,2019,1,24,31,3.3,1.5,1.4,-13.5,1.9%,12.0%,17.0%,42.5%,22.2%
48,48,Tyler Cook,DEN,22,6-8,255,Iowa,USA,Undrafted,Undrafted,Undrafted,13,1.8,1.1,0.1,-9.8,10.3%,14.8%,15.0%,74.1%,3.1%
49,49,Tyler Herro,MIA,20,6-5,195,Kentucky,USA,2019,1,13,55,13.5,4.1,2.2,-1.7,1.1%,13.1%,21.3%,55.0%,13.1%
0,0,Tyler Johnson,BKN,28,6-3,186,Fresno State,USA,Undrafted,Undrafted,Undrafted,39,7.0,1.9,1.9,-5.7,2.3%,7.6%,17.7%,50.4%,15.3%
1,1,Tyler Zeller,SAS,30,6-11,250,North Carolina,USA,2012,1,17,2,1.0,2.0,0.0,33.3,30.0%,33.3%,26.7%,25.0%,0.0%
2,2,Tyrone Wallace,ATL,26,6-5,198,California,USA,2016,2,60,14,2.9,1.6,0.9,-8.3,1.6%,12.3%,15.4%,38.9%,12.3%
3,3,Tyson Chandler,HOU,37,7-0,235,None,USA,2001,1,2,26,1.3,2.5,0.2,5.7,9.7%,17.2%,5.7%,71.7%,3.7%
4,4,Tyus Jones,MEM,24,6-0,196,Duke,USA,2015,1,24,65,7.4,1.6,4.4,-2.3,0.7%,7.1%,16.5%,53.2%,31.4%
5,5,Udonis Haslem,MIA,40,6-8,235,Florida,USA,Undrafted,Undrafted,Undrafted,4,3.0,4.0,0.3,-20.2,2.0%,34.9%,14.7%,47.0%,4.8%
6,6,Vic Law,ORL,24,6-7,201,Northwestern,USA,Undrafted,Undrafted,Undrafted,8,1.9,1.4,0.4,-9.7,2.9%,14.5%,15.0%,36.3%,8.6%
7,7,Victor Oladipo,IND,28,6-4,213,Indiana,USA,2013,1,2,19,14.5,3.9,2.9,-1.1,1.7%,11.6%,25.9%,50.6%,15.9%
8,8,Vince Carter,ATL,43,6-6,220,North Carolina,USA,1998,1,5,60,5.0,2.1,0.8,-8.1,1.9%,11.4%,16.3%,47.0%,8.1%
9,9,Vincent Poirier,BOS,26,7-0,235,None,France,Undrafted,Undrafted,Undrafted,22,1.9,2.0,0.4,-6.5,9.0%,19.5%,14.1%,52.5%,8.8%
10,10,Vlatko Cancar,DEN,23,6-8,236,None,Slovenia,2017,2,49,14,1.2,0.7,0.2,-6.0,10.9%,11.9%,17.7%,50.7%,8.6%
11,11,Wayne Ellington,NYK,32,6-4,207,North Carolina,USA,2009,1,28,36,5.1,1.8,1.2,-3.1,0.7%,10.4%,14.6%,50.9%,11.7%
12,12,Wendell Carter Jr.,CHI,21,6-9,270,Duke,USA,2018,1,7,43,11.3,9.4,1.2,-0.5,10.2%,21.6%,16.2%,59.0%,6.2%
13,13,Wenyen Gabriel,POR,23,6-9,205,Kentucky,South Sudan,Undrafted,Undrafted,Undrafted,30,2.1,1.7,0.3,-7.2,8.0%,14.8%,12.4%,54.6%,4.6%
14,14,Wes Iwundu,ORL,25,6-6,195,Kansas State,USA,2017,2,33,52,5.8,2.5,1.2,-0.5,2.3%,10.9%,13.4%,54.4%,8.9%
15,15,Wesley Matthews,MIL,33,6-4,220,Marquette,USA,Undrafted,Undrafted,Undrafted,67,7.4,2.5,1.4,12.2,1.3%,7.3%,12.3%,54.7%,7.0%
16,16,Will Barton,DEN,29,6-5,181,Memphis,USA,2012,2,40,58,15.1,6.3,3.7,5.8,4.0%,14.7%,19.7%,54.9%,15.7%
17,17,William Howard,HOU,26,6-8,207,None,France,Undrafted,Undrafted,Undrafted,2,0.0,1.0,0.5,-51.3,0.0%,25.0%,15.2%,0.0%,20.0%
18,18,Willie Cauley-Stein,DAL,26,7-0,240,Kentucky,USA,2015,1,6,54,7.2,5.8,1.3,-5.5,7.2%,20.2%,14.4%,58.9%,9.8%
19,19,Willy Hernangomez,CHA,26,6-11,250,None,Spain,2015,2,35,31,6.1,4.3,0.9,-2.6,10.5%,24.3%,22.2%,57.6%,13.6%
20,20,Wilson Chandler,BKN,33,6-8,235,DePaul,USA,2007,1,23,35,5.9,4.1,1.1,-6.4,1.4%,16.4%,12.8%,53.1%,8.0%
21,21,Yogi Ferrell,SAC,27,6-0,178,Indiana,USA,Undrafted,Undrafted,Undrafted,50,4.4,1.0,1.4,-1.8,1.1%,8.5%,18.5%,52.8%,19.6%
22,22,Yuta Watanabe,MEM,25,6-8,215,George Washington,Japan,Undrafted,Undrafted,Undrafted,18,2.0,1.1,0.3,4.0,5.9%,11.8%,14.9%,48.0%,6.6%
23,23,Zach Collins,POR,22,6-11,250,Gonzaga,USA,2017,1,10,11,7.0,6.3,1.5,6.5,9.5%,14.9%,12.6%,53.8%,6.7%
24,24,Zach LaVine,CHI,25,6-6,200,UCLA,USA,2014,1,13,60,25.5,4.8,4.2,-4.4,1.9%,12.5%,31.2%,56.8%,21.8%
25,25,Zach Norvell Jr.,GSW,22,6-5,205,Gonzaga,USA,2019,,,5,2.0,1.2,0.6,-32.3,0.0%,20.7%,14.7%,40.2%,9.1%
26,26,Zhaire Smith,PHI,21,6-3,205,Texas Tech,USA,2018,1,16,7,1.1,0.3,0.3,-12.3,0.0%,8.0%,16.5%,31.3%,8.3%
27,27,Zion Williamson,NOP,19,6-6,284,Duke,USA,2019,1,1,24,22.5,6.3,2.1,5.1,9.2%,11.4%,29.1%,61.6%,11.9%
28,28,Zylan Cheatham,NOP,24,6-5,220,Arizona State,USA,Undrafted,Undrafted,Undrafted,4,3.0,2.3,0.8,-23.9,6.2%,12.8%,10.3%,66.7%,9.4%
